College_ID,IQ,Prev_Sem_Result,CGPA,Academic_Performance,Internship_Experience,Extra_Curricular_Score,Communication_Skills,Projects_Completed,Placement
30,107,6.61,6.28,8,0,8,8,4,0
61,97,5.52,5.37,8,0,7,8,0,0
36,109,5.36,5.83,9,0,3,1,1,0
55,122,5.47,5.75,6,1,1,6,1,0
04,96,7.91,7.69,7,0,8,10,2,0
15,96,5.26,5.32,7,0,5,8,0,0
71,123,6.68,6.58,5,0,7,8,2,1
96,111,8.77,8.76,7,0,3,1,2,1
97,92,6.47,6.33,9,0,7,8,5,0
57,108,8.82,8.6,4,0,5,9,1,0
63,93,8.73,8.9,2,1,5,6,0,0
77,93,6.23,6.51,8,0,5,7,4,0
64,103,8.64,9.01,7,1,8,6,1,0
17,71,8.74,8.4,6,0,0,5,2,0
53,74,6.99,7.31,7,0,0,1,2,0
40,91,6.05,5.8,3,0,4,2,3,0
70,84,7.61,7.54,6,0,0,10,0,0
50,104,9.61,10.01,10,1,9,2,4,0
68,86,8.2,8.15,7,0,8,9,4,1
15,78,5.86,5.56,7,1,3,6,2,0
72,121,8.41,8.07,5,1,1,3,3,1
34,96,7.14,7.11,3,1,2,3,3,0
30,101,7.96,8.22,2,1,8,10,0,0
87,78,8.67,9.17,7,1,10,10,2,1
73,91,7.57,7.86,4,1,7,2,2,0
24,101,9.07,9.45,2,0,2,7,2,0
08,82,8.61,8.86,8,0,7,1,0,0
57,105,8.08,8.48,2,0,3,1,4,0
70,90,5.75,5.33,6,1,5,10,1,0
25,95,9.18,9.61,4,1,3,3,3,0
77,90,9.68,9.58,9,1,10,1,4,0
34,127,5.68,6.1,5,0,4,3,1,0
25,99,7.44,7.02,4,0,9,9,4,0
18,84,6.29,6.51,8,0,8,7,4,0
73,112,8.77,9.01,3,1,1,9,4,1
97,81,8.61,9.11,9,1,8,7,4,0
70,103,5.7,5.97,8,1,2,9,2,0
14,70,9.39,9.27,8,0,4,3,4,0
06,80,5.9,5.96,10,1,6,7,1,0
82,102,8.99,8.86,5,0,1,6,1,0
90,111,7.28,6.98,1,0,3,2,3,0
36,102,6.64,6.39,10,0,0,6,5,0
36,98,5.79,5.51,9,0,10,3,0,0
75,95,5.84,5.89,2,1,2,2,1,0
18,77,8.31,8.72,1,1,5,5,1,0
15,89,7.75,8.16,6,1,1,5,1,0
94,93,5.61,5.16,1,1,7,2,1,0
89,115,5.56,5.14,10,1,6,3,0,0
16,105,5.36,5.11,10,0,2,8,0,0
76,73,8.72,8.48,10,1,0,5,5,0
14,104,8.56,8.15,7,0,9,8,4,1
47,94,5.29,5.18,7,1,3,10,5,0
54,89,7.8,7.89,1,1,3,4,1,0
58,109,5.42,5.5,10,0,10,4,1,0
77,115,9.52,9.56,5,0,4,6,3,1
30,113,9.54,9.38,3,0,2,10,3,1
100,87,8.49,8.7,2,0,10,5,3,0
46,95,9.63,9.96,5,0,1,5,3,0
16,104,9.06,8.91,5,0,1,9,4,1
01,114,9.14,8.73,2,1,7,6,2,1
41,92,7.85,7.65,6,0,6,3,3,0
93,97,6.53,6.17,7,0,0,4,3,0
27,83,6.09,6.06,1,0,8,9,0,0
77,82,6.64,6.3,3,0,2,6,5,0
62,112,8.14,8.1,4,0,2,8,1,1
81,120,5.86,5.58,2,0,0,7,4,0
28,98,6.29,6.53,10,1,10,1,1,0
20,115,7.34,6.87,5,1,3,1,2,0
55,105,6.17,6.22,4,0,9,10,4,0
51,90,7.94,7.61,2,0,10,7,2,0
69,105,9.62,9.12,1,1,1,2,1,0
88,123,8.74,9.11,8,0,2,9,0,1
73,99,8.33,8.5,2,0,10,10,3,1
97,123,7.91,7.51,4,0,0,9,1,0
34,60,7.44,7.6,10,1,2,2,4,0
27,112,5.93,6.04,5,0,3,9,3,1
97,101,9.47,9.44,2,0,5,9,4,1
38,95,6.24,6.16,10,0,2,10,2,0
29,101,5.46,5.85,9,1,10,6,4,0
35,70,8.75,8.5,2,0,5,5,0,0
20,96,5.88,5.78,6,0,1,10,2,0
19,105,6.86,6.69,7,0,10,2,5,0
05,122,5.14,5.41,6,0,7,6,5,0
25,92,5.69,6.11,4,0,4,9,1,0
93,87,5.87,6.22,1,0,0,3,3,0
26,92,5.27,5.57,2,0,5,3,3,0
51,113,8.28,8.77,10,0,2,4,0,0
66,104,9.19,9.39,10,1,3,10,4,1
61,92,6.87,7.12,6,0,9,4,1,0
15,107,9.37,9.85,8,1,7,1,5,0
45,101,6.07,5.58,3,1,7,2,4,0
06,114,6.63,6.76,7,0,10,6,5,0
58,89,5.75,5.99,9,0,7,5,4,0
01,95,8.1,8.52,4,1,4,10,0,0
73,94,7.1,7.48,7,0,0,4,5,0
43,78,8.07,8.41,7,0,8,10,2,1
16,104,8.81,9.26,10,0,10,9,5,1
14,103,7.73,7.77,9,1,8,2,2,0
74,100,8.14,7.65,3,0,7,8,0,0
19,96,9.68,9.19,1,1,10,4,0,0
51,78,6.5,6.54,8,1,2,9,0,0
08,93,6.8,6.74,4,0,5,4,4,0
48,94,8.59,8.54,2,0,6,2,5,0
12,87,8.06,7.96,5,0,3,6,5,0
70,97,5.89,6.31,4,0,9,9,4,0
35,106,6.88,6.74,1,1,6,7,1,0
70,128,7.34,7.7,7,0,8,1,0,0
06,102,7.1,7.5,4,0,5,9,4,0
99,103,5.89,5.89,8,1,1,6,2,0
11,98,9.62,9.57,9,0,5,9,5,1
38,71,8.81,9.07,8,1,2,2,5,0
91,99,7.41,7.62,1,0,6,7,0,0
26,100,8.4,8.23,8,1,2,8,2,1
28,136,9.49,9.09,5,0,7,8,3,1
72,97,5.68,5.44,1,1,10,5,1,0
89,104,6.25,5.88,9,1,10,7,3,0
83,99,7.71,7.5,9,0,4,7,1,0
80,82,9.0,8.76,7,0,2,3,0,0
50,117,5.18,5.32,7,0,0,2,5,0
58,111,9.92,10.37,1,0,4,5,1,0
26,111,7.27,7.46,9,0,9,4,4,0
44,86,6.8,7.23,1,1,9,8,2,0
15,121,6.46,6.74,7,0,10,5,5,0
76,78,5.87,6.1,9,0,2,9,4,0
24,108,8.96,8.87,9,0,3,7,0,0
77,132,9.78,9.6,5,0,9,1,3,1
59,85,7.07,7.42,6,0,3,2,2,0
57,91,9.76,10.17,2,0,2,8,0,0
17,101,9.12,9.07,2,0,5,10,4,1
77,92,7.41,6.92,10,0,5,8,4,0
81,76,8.37,8.66,9,0,0,2,1,0
01,101,7.17,6.96,1,0,3,7,1,0
11,84,7.79,7.3,10,1,0,8,3,0
20,107,5.29,5.59,5,1,6,4,1,0
31,86,8.48,8.5,7,0,6,3,1,0
99,123,5.26,5.45,10,1,5,10,1,0
39,88,9.09,9.5,6,0,10,9,3,1
63,95,9.12,9.16,6,0,1,2,0,0
06,112,6.19,6.19,6,0,3,3,5,0
99,81,6.62,6.41,8,0,2,8,2,0
28,103,7.41,7.22,7,1,10,2,0,0
51,119,7.98,8.28,5,0,7,5,5,1
53,75,6.44,6.39,10,0,1,10,5,0
44,102,7.96,7.62,2,1,9,8,0,0
65,103,6.49,6.08,10,0,1,7,0,0
80,111,5.28,5.25,6,1,0,4,4,0
12,81,5.01,4.97,10,0,8,10,2,0
28,80,5.51,5.66,5,0,2,9,2,0
79,107,8.96,8.93,4,1,7,2,4,0
72,104,9.81,9.45,10,0,6,7,5,0
68,103,7.13,7.14,5,0,0,7,4,0
95,105,7.56,7.97,9,0,10,7,5,0
30,89,5.73,5.39,2,1,5,7,1,0
35,103,7.76,7.95,6,0,7,5,4,0
06,104,5.72,5.81,9,0,5,1,3,0
85,89,8.06,8.31,10,0,8,4,4,0
30,127,9.67,9.32,5,1,9,5,1,0
80,107,5.98,6.42,6,0,2,10,4,0
63,82,8.82,8.94,10,0,5,4,3,0
08,109,5.12,5.47,4,1,9,7,4,0
91,85,6.88,6.63,5,0,3,2,5,0
33,111,5.55,5.79,8,0,9,2,0,0
43,117,6.76,7.04,1,1,2,2,2,0
76,87,5.87,5.77,1,1,7,10,3,0
43,114,6.87,6.75,10,1,6,3,3,0
45,106,7.09,7.25,4,1,6,5,3,0
87,112,6.5,6.09,10,1,4,10,5,1
54,128,8.28,8.52,3,1,0,9,0,1
65,96,9.59,9.13,5,1,5,3,0,0
07,88,7.0,6.69,10,1,5,6,2,0
36,86,5.96,6.12,8,1,2,6,1,0
25,87,6.35,5.95,1,0,4,6,2,0
85,98,9.27,9.74,5,0,8,5,3,0
37,105,7.86,8.23,5,0,6,2,3,0
12,104,7.28,7.41,2,1,7,1,3,0
32,112,5.75,6.07,5,1,8,5,2,0
49,100,7.25,7.64,8,1,5,8,1,0
38,121,6.39,6.15,10,1,4,10,1,0
56,96,9.72,10.07,7,0,9,5,2,0
80,140,9.42,9.11,2,0,4,3,5,1
65,109,5.42,5.33,6,1,4,3,3,0
26,87,7.58,7.64,10,0,3,2,2,0
57,83,6.13,6.34,1,0,1,7,2,0
14,107,7.05,6.58,10,0,6,2,4,0
56,96,9.38,9.17,10,1,6,6,4,0
70,110,7.64,7.75,3,1,7,8,0,0
41,107,6.67,6.53,6,0,7,8,0,0
51,98,6.04,6.32,9,1,10,2,2,0
84,87,9.0,9.15,1,0,7,6,4,0
67,77,8.12,7.85,6,1,8,3,3,0
12,93,7.34,6.99,2,1,5,9,0,0
97,112,6.09,6.22,9,1,3,3,3,0
49,103,6.67,6.62,2,1,1,1,3,0
01,81,9.8,9.47,3,0,4,9,0,0
19,102,7.6,7.43,2,1,5,8,5,0
66,105,7.0,6.8,4,1,6,2,2,0
58,86,7.61,7.22,4,0,5,10,4,0
87,102,8.89,8.94,10,1,3,10,0,0
72,100,6.7,6.96,1,1,3,3,1,0
98,82,5.89,5.97,8,1,6,7,1,0
04,105,7.92,8.25,5,1,0,6,3,0
08,108,8.33,7.96,8,0,2,8,1,0
27,116,8.56,8.5,6,1,9,10,3,1
26,115,9.41,9.52,2,0,1,5,5,1
97,79,6.86,7.04,7,0,1,5,5,0
43,85,5.38,5.58,10,0,6,2,5,0
40,107,9.79,10.02,9,0,4,6,5,0
50,107,7.18,7.33,7,1,2,5,5,0
67,107,8.12,7.71,5,0,8,9,4,0
73,157,8.33,8.53,4,0,8,3,0,0
74,108,7.73,7.95,8,0,2,5,0,0
29,117,6.03,6.52,6,0,1,3,4,0
85,114,8.78,8.97,5,1,2,9,3,1
42,109,9.02,9.21,7,1,8,9,5,1
18,95,7.76,7.77,3,1,7,10,2,0
81,111,7.44,7.81,9,0,2,7,1,0
21,88,5.57,6.07,4,0,3,1,5,0
67,96,5.42,5.7,4,0,4,9,4,0
62,92,6.7,6.81,8,0,3,9,1,0
27,101,6.55,6.13,6,1,10,10,2,0
96,134,9.77,10.0,1,1,1,5,3,1
93,71,8.92,9.13,2,0,10,2,5,0
47,110,8.3,8.58,9,0,8,1,1,0
93,75,7.59,7.21,6,0,1,2,3,0
26,92,5.84,5.99,7,1,4,4,5,0
09,116,9.89,9.69,9,0,10,4,2,1
91,100,6.88,7.14,3,1,8,1,3,0
12,83,5.53,5.27,5,1,7,8,2,0
16,89,7.47,7.65,5,1,0,10,0,0
47,110,9.37,9.16,10,0,2,8,1,0
56,89,9.44,8.95,7,1,9,8,1,0
66,103,5.05,5.18,2,1,8,5,2,0
51,100,9.43,9.04,4,0,2,10,2,1
27,90,6.36,6.52,4,0,10,2,4,0
73,132,5.19,5.62,8,1,3,4,2,0
66,109,9.24,9.71,10,1,2,1,2,0
62,69,9.32,9.06,3,0,6,10,3,1
71,102,7.98,8.29,2,0,8,1,3,0
08,90,7.87,7.72,9,0,3,10,1,0
38,112,9.07,9.47,4,0,8,3,3,1
06,88,8.93,9.22,9,1,1,4,3,0
59,98,9.45,9.02,6,0,1,3,1,0
19,107,7.76,7.67,1,0,8,3,5,0
79,112,9.84,9.68,3,0,6,8,0,1
56,81,9.98,10.27,7,0,4,4,4,0
28,94,5.58,5.49,9,1,4,3,3,0
94,92,9.25,9.43,8,1,8,9,0,0
91,90,7.5,7.6,5,1,10,1,4,0
10,126,6.94,7.42,8,1,3,8,1,0
45,106,8.07,8.51,2,0,10,5,3,0
95,81,5.28,5.21,3,0,0,8,5,0
65,113,7.53,7.75,8,0,5,10,3,1
50,131,9.35,9.68,9,1,2,3,2,1
32,115,6.07,6.47,10,0,1,6,3,0
61,77,7.13,6.7,8,1,3,7,3,0
16,92,9.7,9.5,4,1,8,8,0,0
06,119,7.14,6.96,6,0,7,7,0,0
66,89,6.79,6.72,5,1,6,7,3,0
62,106,7.2,6.87,4,0,1,2,5,0
66,111,7.6,7.6,9,1,0,3,4,0
67,86,8.16,8.32,10,0,6,6,1,0
19,99,9.0,9.0,3,0,9,3,5,0
04,51,7.26,7.43,1,0,4,9,0,0
43,84,9.09,8.66,7,0,10,9,5,1
18,96,7.67,8.05,10,1,7,6,5,0
82,81,6.69,7.13,8,1,4,1,4,0
46,124,8.29,8.41,3,0,9,1,5,1
46,78,8.59,8.97,3,0,4,4,3,0
85,93,7.79,7.42,6,0,7,10,2,0
21,101,5.28,5.58,2,0,8,8,0,0
30,121,5.85,5.47,6,0,1,3,5,0
64,78,6.43,6.34,5,0,7,4,0,0
41,117,6.41,6.23,7,0,6,6,2,0
17,100,8.37,8.46,9,0,7,9,3,1
05,85,5.09,4.89,9,0,2,4,0,0
05,106,8.78,8.92,1,0,3,3,3,0
73,102,6.33,6.2,7,0,6,10,4,0
75,90,6.55,6.91,3,0,4,10,0,0
48,101,7.64,7.77,4,1,6,9,3,0
78,94,6.08,5.8,2,1,5,7,4,0
38,101,9.42,9.26,1,0,3,9,5,1
06,109,5.43,5.78,10,1,1,10,0,0
58,123,7.22,7.11,3,1,5,6,1,0
14,81,9.25,9.29,10,0,5,4,3,0
72,131,8.08,8.23,9,0,5,5,4,1
94,70,6.46,6.31,1,1,0,10,5,0
59,97,7.1,6.89,3,0,5,2,1,0
65,108,8.53,8.51,5,1,1,3,3,0
89,104,9.87,9.58,3,0,9,5,0,0
13,90,9.47,9.25,4,0,4,3,5,0
27,96,6.71,6.27,4,0,6,3,3,0
25,92,9.99,9.79,1,1,9,9,4,1
56,91,5.02,4.84,6,1,0,4,0,0
68,112,5.14,5.6,7,1,4,4,0,0
59,105,9.12,9.21,7,1,8,1,5,0
95,89,6.0,6.29,6,0,2,7,0,0
49,113,5.3,4.85,7,0,1,10,2,1
18,104,6.19,5.8,3,1,9,9,4,0
81,112,7.13,7.44,5,1,1,8,1,0
75,109,8.65,8.77,7,1,2,2,0,0
76,87,8.12,7.81,10,0,0,6,4,0
03,91,6.19,6.09,5,1,1,10,2,0
79,111,7.52,7.56,10,1,5,10,2,1
57,109,9.63,9.97,2,1,7,5,5,0
06,99,9.08,8.64,6,0,3,8,0,0
69,101,6.62,6.72,7,1,1,1,4,0
31,119,9.91,10.13,2,0,4,9,2,1
08,91,8.54,9.02,10,0,2,9,0,0
10,108,5.31,5.62,8,1,4,7,5,0
03,96,5.18,4.96,5,1,2,8,3,0
12,96,5.84,6.05,8,0,10,9,3,0
92,116,8.64,8.9,3,0,3,5,3,1
76,112,5.92,6.15,2,1,4,2,1,0
94,112,7.56,7.88,7,1,6,1,4,0
19,119,5.47,5.87,5,1,1,5,5,0
21,100,9.6,9.2,5,0,5,8,3,1
81,110,6.72,6.32,8,0,5,10,2,0
14,95,9.54,9.84,9,0,5,4,1,0
75,104,9.72,9.47,8,1,6,4,3,0
29,98,5.03,4.59,10,0,10,4,0,0
07,101,7.32,7.22,2,0,2,8,2,0
49,108,5.12,5.44,10,1,4,7,1,0
65,87,9.54,9.17,7,0,8,1,1,0
07,131,7.59,7.76,5,0,8,10,2,1
14,84,5.37,4.87,7,1,6,6,3,0
16,81,5.55,5.16,3,1,8,4,5,0
99,117,6.92,6.77,4,1,2,2,5,0
16,111,9.7,9.28,7,0,6,3,0,0
85,109,8.46,8.81,2,0,0,4,0,0
13,109,9.34,9.7,2,0,6,10,5,1
82,99,6.83,7.09,1,1,2,7,5,0
29,86,5.22,4.96,1,0,2,1,0,0
85,101,9.87,9.89,1,1,6,1,1,0
73,89,5.09,4.77,6,1,7,3,3,0
95,114,9.74,9.52,5,1,3,2,5,1
61,97,6.84,6.86,10,1,0,3,5,0
37,87,5.05,5.29,8,0,4,3,2,0
17,95,8.45,8.04,5,1,9,1,4,0
31,106,9.9,9.7,1,1,3,6,0,0
59,91,9.83,10.26,8,0,8,8,2,1
88,87,5.8,5.73,6,0,2,5,5,0
47,103,5.91,6.35,8,1,3,1,5,0
06,103,7.83,8.32,2,1,9,10,2,1
32,92,8.19,8.22,10,1,2,7,5,0
31,92,8.7,8.49,8,0,2,10,0,0
18,103,5.91,6.2,6,0,6,9,4,0
09,78,9.8,9.46,1,0,4,7,1,0
03,78,8.19,7.94,1,1,4,9,1,0
71,89,9.24,9.52,10,0,3,10,3,1
26,96,7.7,7.63,5,0,9,9,5,0
13,104,7.07,6.77,7,1,7,2,1,0
34,122,9.89,10.04,4,0,0,8,2,1
43,112,7.91,8.14,10,0,10,7,1,0
93,97,9.33,8.96,5,0,8,7,3,0
33,99,9.77,9.55,10,0,10,2,2,0
69,84,8.38,8.1,3,0,8,1,2,0
36,99,7.74,7.62,2,0,10,4,4,0
79,95,5.02,5.28,2,0,4,7,5,0
74,104,5.2,5.41,5,0,0,6,0,0
68,87,6.0,6.16,4,1,1,10,0,0
47,107,5.93,5.44,2,0,1,2,0,0
61,122,6.27,5.91,5,1,5,7,3,0
45,98,6.52,6.24,10,1,9,10,1,0
96,106,6.8,6.57,9,0,8,9,0,0
88,110,7.1,6.75,8,0,2,2,1,0
84,93,5.49,5.4,9,0,7,10,0,0
48,103,5.21,4.79,9,0,1,5,4,0
41,100,8.37,8.62,8,0,4,2,1,0
38,101,7.69,7.98,9,0,3,1,3,0
68,88,7.22,7.29,4,0,4,7,5,0
75,100,8.17,7.76,8,1,3,2,5,0
11,107,9.14,9.53,2,0,0,6,3,0
16,121,7.14,7.61,9,0,0,7,1,0
65,114,8.21,7.91,9,0,5,1,5,0
97,132,9.77,9.97,3,0,7,9,3,1
71,88,9.2,9.54,6,0,6,6,2,0
67,113,7.13,7.17,7,1,3,2,3,0
71,102,8.22,8.04,3,1,4,1,4,0
01,132,5.89,5.87,5,0,7,1,4,0
97,87,7.8,7.81,1,0,5,2,1,0
71,87,9.91,9.81,3,1,7,9,3,1
04,91,7.59,8.02,8,0,5,2,1,0
82,68,9.64,9.88,3,0,7,1,0,0
37,92,7.04,6.78,8,1,3,4,2,0
14,88,9.99,10.08,9,0,9,9,1,0
79,102,7.9,8.09,6,1,1,8,1,0
25,105,5.21,4.85,7,0,2,7,1,0
82,128,7.93,7.79,6,0,4,8,5,1
04,114,6.37,6.78,8,0,3,2,1,0
66,91,5.16,5.23,7,0,4,5,5,0
43,86,9.1,8.82,10,0,0,7,4,0
26,107,6.38,6.0,1,0,0,1,2,0
84,80,8.98,9.0,3,1,1,6,0,0
15,127,6.44,6.49,3,0,10,7,2,0
06,117,5.97,5.8,3,0,1,8,1,0
37,92,9.87,10.0,4,1,7,5,4,0
43,74,6.81,6.38,1,0,9,8,0,0
42,120,8.01,7.66,2,1,3,10,5,1
13,98,8.05,8.1,5,0,5,1,1,0
16,118,7.8,7.36,6,1,1,4,5,0
42,76,9.57,9.95,9,1,0,6,1,0
38,91,8.37,8.01,2,0,6,4,3,0
66,100,7.02,7.19,9,0,3,5,2,0
65,100,9.31,9.2,7,0,3,2,2,0
05,93,5.91,5.81,9,0,1,7,2,0
30,109,7.72,7.98,4,1,8,9,3,0
95,83,9.75,9.75,7,1,1,7,4,0
43,97,8.13,8.36,1,1,4,1,4,0
32,101,9.08,9.09,8,0,5,2,4,0
67,107,8.27,8.36,7,1,2,8,5,1
67,110,9.2,9.46,7,0,10,1,0,0
42,83,9.72,9.83,2,1,2,2,3,0
05,76,6.36,6.48,10,1,5,5,3,0
99,119,5.85,6.14,9,1,4,6,4,0
86,104,7.42,7.87,8,0,4,1,4,0
96,88,8.51,8.39,1,1,4,1,4,0
59,123,6.14,6.22,1,1,8,2,3,0
23,101,5.02,4.61,5,0,7,3,4,0
08,117,6.71,6.57,2,1,3,9,2,1
68,101,9.84,9.75,1,0,5,3,4,0
70,130,8.47,8.81,10,0,4,8,2,1
91,126,7.01,7.02,8,1,10,6,1,0
19,96,5.96,6.19,4,0,5,10,1,0
44,114,6.78,6.3,2,0,10,5,3,0
93,109,5.85,5.81,5,0,7,9,0,0
38,120,5.53,5.93,6,1,5,8,5,1
44,85,9.53,9.25,8,1,5,3,1,0
06,110,9.99,9.52,7,0,1,7,3,0
03,115,5.82,5.75,7,1,6,4,3,0
96,73,5.27,5.47,1,0,2,8,2,0
80,82,6.65,6.6,3,0,6,7,2,0
33,69,7.31,7.27,3,1,4,3,4,0
66,95,6.02,6.19,7,0,3,7,5,0
58,110,6.51,6.26,2,1,9,6,1,0
26,122,6.0,6.25,10,1,0,6,2,0
99,101,8.87,8.52,7,0,7,10,0,0
28,124,8.56,8.46,9,1,1,3,5,1
43,79,8.17,8.33,1,0,9,4,3,0
75,74,6.94,7.27,2,0,7,4,5,0
88,99,9.55,9.84,6,0,6,6,4,0
16,105,9.85,10.07,2,0,2,9,2,1
89,99,5.87,5.73,2,1,10,5,2,0
23,68,6.12,5.74,5,0,6,8,2,0
59,98,7.63,7.35,7,0,0,5,5,0
35,80,5.46,5.82,4,1,4,6,1,0
89,110,7.18,7.54,6,1,1,6,5,0
41,105,7.91,8.36,3,0,1,4,2,0
97,85,7.61,7.19,4,1,2,10,5,0
22,92,6.65,6.69,4,0,6,10,3,0
74,84,7.71,7.86,4,0,1,5,2,0
01,99,9.79,10.0,1,1,3,4,5,0
46,114,6.03,6.17,4,0,3,2,0,0
22,85,8.27,8.54,4,1,0,2,2,0
32,107,5.22,5.08,6,1,6,8,4,0
87,92,5.33,5.01,9,0,3,4,4,0
30,88,7.76,7.46,10,1,0,9,0,0
87,98,5.52,5.03,6,0,2,6,4,0
43,84,5.11,4.96,6,0,7,5,1,0
12,91,5.86,5.45,7,0,3,7,3,0
83,82,7.82,7.64,7,1,0,6,3,0
71,129,8.52,8.65,1,0,6,4,1,0
27,100,6.01,6.4,8,0,7,10,4,0
26,89,8.34,8.68,1,0,4,9,0,0
18,103,5.91,5.66,9,1,8,6,0,0
92,98,8.07,7.7,4,0,6,3,3,0
75,96,7.06,6.75,9,0,3,4,5,0
66,109,8.27,8.74,8,0,8,4,0,0
81,111,9.98,10.03,9,1,5,8,1,1
61,92,9.69,9.37,6,1,10,5,3,0
46,91,5.02,5.36,9,1,7,8,2,0
29,95,9.43,9.33,4,1,1,8,1,0
32,65,5.33,5.73,3,1,4,6,1,0
15,77,9.77,9.53,3,0,2,5,0,0
60,120,6.41,6.3,8,0,4,2,5,0
82,124,6.91,6.91,2,1,7,1,0,0
28,96,5.46,5.85,6,0,5,7,0,0
27,108,5.56,5.93,9,1,0,10,2,0
41,104,8.63,8.7,9,0,6,10,1,0
47,146,9.72,9.44,8,1,9,7,4,1
33,116,8.05,7.95,8,1,0,2,3,0
44,98,8.58,9.06,1,1,0,3,0,0
50,85,8.81,8.92,7,0,3,8,0,0
10,75,6.31,6.59,1,0,8,4,1,0
24,103,5.23,5.18,9,0,7,5,2,0
34,88,5.01,5.04,3,0,9,7,0,0
91,78,6.75,6.68,1,0,2,8,2,0
20,90,6.21,6.41,8,0,5,1,2,0
25,83,5.31,5.66,7,0,0,7,4,0
55,125,5.9,5.91,2,1,9,3,2,0
90,113,5.62,5.6,7,1,0,5,4,0
43,99,9.57,9.41,5,0,5,1,3,0
53,122,5.7,5.38,7,0,4,3,2,0
85,101,7.69,8.13,10,1,5,5,3,0
50,87,7.97,7.79,7,0,8,1,2,0
55,122,7.72,8.02,2,1,4,2,4,1
13,108,5.5,5.72,2,0,1,3,4,0
49,84,6.59,6.88,7,1,0,8,3,0
97,97,5.26,5.7,3,1,10,5,1,0
10,86,6.98,7.1,4,0,1,5,1,0
92,79,5.94,6.34,7,0,7,3,1,0
97,113,7.81,7.48,2,0,0,9,2,1
11,128,8.46,8.59,2,0,5,9,1,1
78,79,7.66,7.93,9,0,4,2,3,0
84,108,7.17,6.94,1,0,9,8,1,0
100,90,6.94,7.18,3,1,10,1,3,0
20,92,9.21,9.49,10,1,8,5,3,0
72,91,6.1,6.43,4,0,3,7,5,0
79,87,8.67,8.48,5,0,4,8,2,1
97,100,8.79,8.97,3,0,4,8,5,1
83,87,7.1,6.9,9,1,10,6,4,0
48,104,6.49,6.73,5,0,1,7,2,0
76,99,7.35,7.31,7,0,10,4,2,0
17,96,5.47,5.57,7,1,1,10,0,0
33,86,5.23,5.15,9,0,8,7,1,0
20,91,5.56,5.22,2,0,2,7,1,0
46,111,5.94,5.62,3,0,5,9,3,1
31,107,7.52,7.1,4,1,3,2,4,0
51,85,9.25,9.37,8,0,3,8,5,1
83,101,6.18,6.53,1,1,4,9,1,0
19,111,9.68,9.2,9,0,4,3,1,0
62,74,9.77,9.34,5,1,6,8,4,1
44,108,9.79,9.75,4,0,6,1,1,0
77,90,9.19,9.43,8,0,0,10,0,0
38,108,6.82,6.48,9,0,5,5,1,0
49,88,5.36,5.13,3,0,3,1,0,0
65,72,7.84,7.57,4,1,1,1,2,0
11,75,7.79,7.69,1,1,5,6,2,0
27,100,9.25,8.97,3,0,6,5,0,0
58,103,9.98,9.83,10,0,1,5,5,0
64,86,7.54,7.77,5,0,1,2,5,0
65,109,6.73,6.84,8,0,9,10,3,0
15,75,5.93,5.51,1,1,10,9,0,0
82,99,5.02,5.16,1,1,6,5,3,0
89,81,7.55,7.53,3,1,8,3,4,0
01,90,7.78,8.21,9,0,2,7,4,0
19,100,9.12,8.91,9,0,2,6,0,0
56,87,7.52,7.75,1,0,7,6,3,0
64,94,9.58,9.81,4,0,1,5,2,0
34,115,8.14,7.86,8,0,8,4,0,0
64,91,9.2,9.6,2,0,6,6,0,0
10,112,5.74,5.73,4,1,7,7,3,0
76,83,9.28,9.46,7,0,8,8,4,1
60,107,8.38,8.03,7,0,2,2,5,0
39,121,5.85,5.61,5,1,5,4,2,0
66,62,5.95,6.04,7,0,7,7,3,0
32,88,9.63,9.45,6,0,0,3,3,0
51,108,5.16,5.16,2,0,5,5,2,0
26,96,7.31,7.18,9,1,2,10,5,0
57,105,6.57,6.71,5,0,7,7,5,0
84,90,8.33,8.32,2,0,8,9,0,0
60,101,9.2,8.7,6,0,4,6,0,0
55,97,6.8,6.95,10,1,1,2,1,0
06,117,7.13,7.05,5,1,6,9,2,1
07,103,9.91,9.75,2,0,5,6,3,0
66,105,8.92,8.51,10,0,5,10,1,0
81,93,9.49,9.21,10,0,0,2,1,0
26,92,7.19,6.91,7,0,0,1,1,0
95,93,6.17,6.61,10,0,5,4,0,0
98,105,7.06,6.99,2,1,5,2,4,0
82,93,8.58,8.12,7,1,3,7,1,0
78,104,5.55,5.19,6,1,7,7,3,0
05,131,6.35,5.93,4,1,8,3,5,0
87,113,5.23,5.32,4,0,5,10,0,0
01,95,7.16,6.85,6,0,9,1,5,0
84,118,9.14,9.14,9,0,7,2,4,1
02,93,5.12,4.99,10,1,7,8,4,0
65,69,8.38,8.68,6,1,1,4,1,0
10,84,9.66,9.48,6,1,3,3,1,0
50,71,6.18,6.14,1,0,0,10,0,0
51,94,8.47,8.69,5,1,0,7,1,0
69,100,9.88,9.81,1,0,5,10,0,0
41,125,9.81,10.1,9,0,6,4,4,1
58,104,6.17,6.33,10,0,4,2,3,0
77,96,5.5,5.41,4,1,7,3,3,0
68,112,5.74,5.74,2,0,8,4,2,0
24,66,8.51,8.98,9,0,3,1,5,0
91,103,8.63,8.79,6,1,0,8,2,1
56,111,8.37,8.77,10,1,5,8,2,1
100,77,6.68,6.36,3,0,0,5,3,0
36,117,5.85,5.83,2,1,1,6,1,0
02,105,7.9,8.31,6,1,10,4,0,0
96,93,7.42,7.24,10,1,3,3,3,0
56,109,8.64,9.11,6,1,3,3,2,0
81,134,7.21,6.81,9,1,5,4,2,0
12,102,6.69,7.09,5,0,7,6,5,0
12,103,6.47,6.42,9,0,2,2,1,0
85,93,6.06,5.63,5,0,5,6,2,0
72,87,6.33,6.71,2,1,2,8,2,0
22,112,5.47,5.22,1,1,1,9,0,0
74,87,6.73,6.25,9,1,3,4,1,0
84,101,5.18,4.82,10,0,3,5,4,0
62,92,5.93,6.09,7,1,1,8,4,0
64,107,8.73,9.21,3,0,10,10,2,1
28,105,6.63,6.24,6,1,2,2,2,0
89,115,8.34,8.3,10,0,8,10,0,1
28,92,8.58,8.26,4,0,9,2,4,0
04,95,7.91,8.16,9,1,8,9,1,0
45,85,9.79,9.41,2,0,9,6,1,0
90,93,5.11,4.85,4,0,6,10,3,0
13,105,8.69,8.39,1,0,1,9,5,1
83,111,9.79,9.84,7,0,4,10,3,1
98,86,9.31,9.68,4,1,7,7,1,0
80,113,5.84,5.85,5,0,0,5,3,0
04,120,6.63,6.19,1,1,0,9,5,1
61,106,5.86,5.92,2,1,10,9,5,0
84,128,8.01,8.31,4,1,10,2,0,0
26,88,8.56,8.19,2,1,5,8,2,1
94,81,6.59,6.16,1,1,6,8,1,0
06,73,7.7,7.39,10,0,6,2,4,0
77,122,8.45,8.7,1,0,2,10,4,1
56,109,7.11,7.2,6,0,9,7,1,0
100,99,9.27,9.31,2,0,3,1,3,0
81,104,8.86,8.61,3,0,8,5,3,0
27,83,5.32,5.15,5,1,10,5,1,0
35,136,8.11,8.58,3,1,9,10,1,1
97,101,6.18,5.92,6,0,3,5,1,0
82,101,7.79,8.19,7,0,4,2,0,0
58,110,9.78,9.86,10,1,5,3,4,0
84,107,9.4,9.02,6,1,6,6,0,0
63,103,7.02,6.99,2,1,4,1,5,0
33,88,6.46,6.91,9,0,6,6,0,0
95,107,6.17,6.09,2,0,1,6,2,0
83,128,7.66,8.02,6,0,6,7,0,0
97,120,5.57,5.33,9,0,4,9,5,1
81,123,7.75,7.82,9,0,9,9,4,1
33,92,5.01,5.35,2,0,4,4,3,0
100,85,6.62,7.04,9,0,10,2,4,0
69,98,6.1,6.09,8,0,5,5,1,0
40,100,9.86,10.0,7,1,8,1,5,0
47,116,8.64,8.14,8,0,3,5,1,0
45,74,6.75,6.5,10,1,4,10,1,0
27,122,5.46,5.24,8,0,4,3,0,0
07,97,7.58,7.17,1,1,2,7,5,0
58,93,6.07,5.85,9,1,2,7,2,0
14,84,7.68,7.5,6,0,0,3,3,0
04,75,9.18,9.65,1,0,3,5,0,0
82,112,8.08,8.25,1,1,8,9,1,1
34,101,8.17,8.1,7,0,1,4,4,0
80,80,7.71,8.2,10,0,9,2,1,0
91,80,9.64,9.29,2,1,3,3,4,0
38,94,9.66,9.64,6,1,8,1,3,0
20,125,7.56,7.71,5,0,8,5,1,0
46,96,6.53,6.09,5,1,7,9,5,0
19,77,7.3,7.52,10,0,1,2,5,0
01,96,5.93,5.53,6,1,10,3,3,0
23,95,8.18,7.82,8,1,2,3,1,0
62,59,7.5,7.16,5,1,5,7,1,0
73,99,5.52,5.95,8,1,1,10,4,0
28,96,5.99,6.17,5,0,2,7,2,0
84,110,7.4,7.56,10,0,0,1,5,0
80,127,9.44,9.5,6,1,3,3,4,1
77,116,7.83,7.62,8,1,10,1,0,0
33,95,8.41,8.53,2,0,5,9,3,1
03,83,6.7,6.61,7,1,0,7,3,0
79,138,7.86,7.51,3,0,0,5,2,0
16,100,7.24,7.43,9,1,7,7,1,0
30,100,8.3,7.93,10,1,6,3,3,0
25,99,5.25,4.94,7,1,6,3,2,0
78,102,7.47,7.79,3,1,6,1,0,0
01,97,6.48,6.64,8,0,4,5,3,0
33,91,6.63,6.76,10,1,3,7,0,0
37,91,9.8,9.72,2,1,6,3,5,0
29,99,5.91,5.81,10,0,10,5,4,0
37,91,6.56,6.75,8,0,2,10,3,0
61,89,7.55,7.79,7,0,8,1,3,0
08,101,9.32,9.33,5,1,1,7,1,0
01,96,7.08,7.55,4,1,0,8,0,0
63,122,8.72,9.18,10,0,7,8,4,1
88,60,9.28,9.19,10,0,5,1,2,0
65,116,6.55,6.87,1,0,3,4,4,0
46,118,6.96,7.0,4,1,9,9,3,1
43,68,6.78,6.79,6,1,8,2,5,0
10,94,9.16,8.71,6,0,4,1,0,0
82,94,5.22,5.29,2,0,10,6,3,0
85,78,6.54,6.94,9,1,0,1,2,0
10,88,8.4,8.68,1,0,0,6,2,0
62,83,7.83,8.12,4,1,6,1,3,0
86,126,7.18,6.84,4,0,0,6,5,0
51,114,7.7,7.56,2,0,5,9,3,1
45,119,5.99,5.72,8,0,6,5,3,0
73,110,7.15,6.97,2,0,10,4,0,0
73,83,7.51,7.59,2,1,9,8,1,0
45,92,9.51,9.37,2,1,4,4,2,0
85,107,6.3,6.36,1,0,2,4,0,0
58,81,9.34,9.28,5,1,2,9,2,1
95,110,8.22,8.01,4,0,1,1,3,0
66,96,5.1,4.7,2,0,10,3,2,0
24,94,8.62,9.01,1,1,0,4,5,0
97,110,5.18,4.69,1,0,10,8,5,0
75,106,9.99,9.49,2,1,7,1,5,0
65,94,9.36,9.69,1,1,8,3,4,0
55,117,6.49,6.99,9,0,1,2,2,0
51,83,6.29,6.52,2,0,3,6,5,0
72,109,6.91,6.43,3,1,2,9,4,0
73,108,6.78,6.51,9,1,3,10,0,0
21,95,6.86,7.33,5,0,3,9,0,0
47,104,6.59,6.9,8,1,7,10,5,0
22,81,8.11,8.18,7,0,10,5,4,0
29,113,5.82,5.56,6,0,2,3,2,0
40,97,9.23,8.74,2,1,2,8,5,1
03,92,9.06,8.58,4,0,5,9,0,0
49,115,7.38,7.49,9,1,10,9,2,1
25,89,9.26,8.78,7,0,2,1,1,0
82,78,6.24,6.73,3,1,4,10,5,0
11,76,5.09,4.77,6,1,3,5,1,0
94,109,8.1,8.31,8,0,10,10,5,1
89,80,7.29,6.95,8,0,3,9,4,0
75,126,7.84,7.88,8,0,1,3,4,0
98,68,9.5,9.08,8,1,8,7,2,0
88,125,9.85,10.12,10,0,4,9,1,1
48,103,8.17,8.25,6,1,4,2,1,0
32,98,8.82,8.41,10,0,6,2,4,0
03,91,5.42,5.77,3,1,2,5,3,0
45,105,5.8,5.85,9,0,5,8,2,0
89,99,8.67,9.09,3,1,0,10,2,1
20,116,7.16,7.58,4,1,4,5,0,0
20,101,7.23,7.65,10,0,4,8,4,0
51,102,6.54,6.12,1,0,8,4,0,0
81,94,8.04,7.66,2,1,4,9,3,0
20,99,5.93,6.42,6,0,7,4,0,0
82,104,8.13,8.12,1,1,2,5,3,0
14,74,5.87,5.61,9,0,10,7,0,0
98,79,5.32,5.59,8,0,5,9,4,0
80,111,6.65,6.41,2,0,1,5,3,0
32,102,6.16,6.39,2,0,8,7,2,0
72,97,9.44,9.78,8,1,5,4,4,0
42,100,5.27,5.55,8,0,4,2,4,0
80,105,5.88,5.65,1,0,8,2,5,0
39,91,7.74,7.64,5,1,0,5,1,0
38,88,7.41,7.32,2,1,2,2,2,0
64,102,5.23,5.22,1,0,1,2,0,0
04,85,5.04,4.71,3,0,8,2,4,0
99,106,9.94,9.89,3,1,10,4,0,0
92,74,8.29,8.3,10,0,5,8,4,1
63,115,6.83,6.86,9,1,10,7,2,0
61,107,7.35,7.67,10,0,5,5,4,0
78,103,6.33,6.35,1,0,4,7,0,0
05,114,6.72,6.45,2,0,3,6,0,0
66,124,8.25,8.41,9,1,3,8,2,1
45,115,9.41,9.71,5,0,1,8,0,1
50,72,5.92,5.74,9,0,6,7,3,0
88,80,9.2,9.35,6,1,5,5,4,0
03,90,5.61,5.26,10,0,2,6,3,0
23,100,6.07,5.91,10,0,6,10,1,0
11,107,5.19,5.6,3,0,8,8,1,0
38,89,5.7,6.11,8,0,9,7,5,0
56,102,9.59,9.67,9,0,0,5,5,0
35,88,7.3,7.5,2,0,10,10,4,0
65,90,5.39,5.74,9,1,9,8,0,0
06,78,9.8,10.26,4,0,7,4,2,0
70,86,9.39,9.38,8,0,1,6,1,0
40,79,8.77,8.83,5,0,0,4,0,0
90,85,9.67,9.59,6,0,8,5,5,0
35,115,6.1,5.67,4,0,1,10,2,1
13,85,9.18,9.1,5,0,6,3,4,0
25,139,8.45,8.74,1,0,6,2,0,0
86,107,9.35,9.65,3,1,0,1,3,0
81,102,8.98,9.37,4,0,9,3,4,0
78,87,6.73,6.28,1,0,0,1,1,0
67,110,8.87,8.9,3,1,6,6,4,0
68,91,6.31,5.92,4,0,5,2,4,0
99,101,6.64,6.34,9,1,3,3,2,0
47,138,5.54,5.94,3,0,2,8,1,0
55,98,9.68,9.68,3,0,4,5,5,0
92,117,6.46,6.72,4,0,4,2,2,0
43,89,7.6,7.16,9,0,10,2,4,0
02,99,6.96,6.88,9,0,2,3,0,0
45,126,9.8,9.97,1,0,5,3,3,1
48,90,6.68,6.31,8,0,2,8,3,0
62,127,8.89,8.72,10,0,3,5,2,1
38,110,9.28,8.84,1,0,2,8,0,0
47,91,7.18,7.33,2,0,5,4,3,0
04,109,6.89,7.36,10,1,8,9,0,0
60,114,8.74,9.07,5,0,2,3,5,1
49,109,9.56,10.03,6,0,0,2,5,0
76,76,8.77,9.12,2,0,6,6,2,0
34,89,6.14,6.5,10,1,4,4,1,0
44,96,9.44,9.52,5,1,3,2,0,0
94,98,6.94,6.96,3,1,2,6,0,0
85,109,7.88,7.79,7,0,6,4,1,0
56,102,9.16,9.48,1,0,1,10,4,1
92,79,5.94,5.62,5,0,10,4,4,0
42,105,8.92,8.48,3,0,3,10,4,1
50,109,7.98,8.43,2,1,1,4,2,0
69,108,9.47,8.97,3,0,9,4,4,0
33,116,5.86,6.34,10,0,7,8,2,1
98,112,7.1,7.33,4,1,2,1,1,0
96,106,9.16,8.99,2,0,4,9,0,0
91,98,5.1,5.3,2,1,10,3,3,0
67,75,5.56,5.88,3,0,3,5,3,0
42,106,9.95,9.7,2,0,4,5,2,0
44,103,6.4,6.67,6,0,3,4,2,0
68,104,9.88,10.18,2,0,7,4,5,0
100,80,5.91,5.66,1,0,5,7,0,0
57,83,6.81,6.35,8,0,0,4,1,0
36,115,8.76,8.46,10,0,4,10,0,1
41,99,8.29,7.99,4,0,0,3,5,0
56,110,7.91,7.48,2,0,2,9,2,0
03,100,7.65,7.88,4,1,10,4,0,0
56,100,9.22,9.1,2,0,5,4,2,0
56,114,6.17,6.55,5,0,8,10,3,1
65,92,7.21,6.96,7,0,2,8,0,0
39,101,5.78,5.73,6,0,3,7,1,0
40,93,7.98,8.12,2,0,9,4,3,0
39,93,6.25,6.63,4,0,0,8,1,0
27,95,6.67,6.69,8,0,9,10,1,0
67,103,7.36,7.23,7,1,1,2,2,0
100,92,5.13,5.5,7,0,6,9,1,0
94,118,5.46,5.27,4,0,7,2,5,0
65,86,8.43,8.01,1,1,0,10,4,1
74,97,7.14,7.09,7,0,8,3,1,0
03,93,9.32,9.61,6,0,5,6,0,0
03,121,8.47,8.0,8,1,0,7,5,0
37,102,5.04,5.13,5,0,3,9,2,0
98,115,8.08,8.17,8,1,3,8,2,1
20,77,5.47,5.9,10,1,6,6,5,0
11,104,8.9,8.69,8,0,0,8,4,1
83,113,9.96,9.74,9,1,9,5,2,1
91,101,7.66,7.6,1,0,8,10,2,0
24,115,8.41,8.27,3,0,0,10,3,1
70,92,6.19,6.43,6,0,9,9,3,0
65,121,7.19,7.33,4,0,2,4,3,0
83,134,9.28,9.54,8,1,0,1,4,1
74,94,5.84,6.16,10,0,0,8,5,0
32,93,6.33,6.75,1,0,3,5,2,0
62,121,7.23,7.16,5,1,1,9,2,1
55,123,8.56,9.04,4,1,8,3,2,1
36,92,6.88,6.6,1,0,0,9,1,0
66,93,9.64,9.85,10,0,2,8,2,1
37,95,5.47,5.5,6,0,1,6,2,0
14,79,6.85,7.17,10,1,0,10,5,0
46,86,8.54,8.52,3,0,10,10,0,0
77,84,6.13,6.41,5,1,8,8,0,0
56,88,8.28,8.71,6,0,4,8,2,1
50,99,5.82,6.05,4,0,10,7,1,0
61,103,5.28,5.56,10,1,5,7,1,0
17,123,5.61,5.18,10,1,7,3,4,0
27,85,9.65,9.35,6,0,6,7,4,0
54,114,7.76,8.23,7,1,6,3,5,1
29,96,8.98,9.17,2,0,8,9,2,1
13,99,6.66,6.72,7,1,2,5,3,0
49,110,7.96,7.83,7,0,9,8,1,0
25,83,7.47,7.01,2,1,7,3,3,0
88,105,9.73,9.6,3,0,5,3,4,0
100,102,8.74,8.74,3,0,7,3,1,0
23,107,8.65,8.36,1,1,3,8,3,1
26,104,5.23,4.9,1,1,0,9,2,0
48,136,7.75,7.76,10,0,10,7,3,0
36,90,7.33,7.42,6,0,2,1,4,0
06,92,9.64,9.38,9,1,9,6,1,0
80,90,6.29,6.38,9,1,2,3,1,0
74,91,6.35,6.75,1,1,0,1,1,0
39,90,7.06,7.03,7,0,4,10,2,0
57,117,6.22,6.58,6,0,5,2,1,0
91,121,5.65,6.08,4,0,8,3,3,0
66,91,9.29,8.88,3,0,7,7,0,0
10,87,7.79,7.39,9,1,3,6,5,0
72,107,9.31,9.29,10,1,5,2,5,0
09,91,9.16,9.25,5,0,2,5,0,0
77,109,6.41,6.34,8,0,0,1,5,0
72,103,7.74,7.57,4,0,8,3,2,0
27,77,5.42,5.56,4,0,7,1,3,0
46,123,9.58,9.08,6,1,5,3,5,1
63,126,7.02,7.49,6,0,2,2,2,0
42,90,6.97,6.7,3,1,10,4,0,0
85,94,6.51,6.93,2,0,4,5,5,0
41,104,7.3,6.91,9,0,8,3,1,0
34,105,6.26,6.0,2,0,6,10,0,0
93,109,6.87,6.6,9,1,1,5,0,0
30,130,9.0,9.5,8,0,5,7,0,0
44,97,9.17,8.67,10,1,8,10,2,1
80,88,6.52,6.66,7,1,10,9,4,0
01,79,7.35,7.72,5,0,10,8,2,0
45,89,9.37,9.54,3,0,9,6,4,0
47,99,5.26,5.12,2,0,0,9,2,0
93,126,9.45,9.91,8,1,4,8,5,1
30,92,6.1,6.49,2,0,8,4,5,0
22,103,8.39,8.32,8,1,2,2,5,0
15,99,7.91,7.98,5,1,2,9,0,0
84,117,7.76,8.23,9,0,9,6,1,0
38,137,9.3,9.78,4,1,8,10,3,1
23,92,5.51,5.46,8,1,2,8,4,0
31,92,6.74,7.09,7,1,10,8,2,0
57,115,7.69,7.49,8,1,8,4,5,0
81,110,9.06,8.93,5,0,9,10,1,0
35,127,6.08,5.74,2,0,2,5,3,0
66,108,9.01,8.72,7,0,7,1,1,0
53,94,7.0,7.16,3,1,9,9,5,0
31,108,5.94,5.95,10,0,8,7,4,0
26,116,8.79,8.52,10,0,2,1,4,1
31,112,5.45,5.35,10,0,0,10,3,1
72,107,7.57,7.44,10,0,8,10,3,0
80,116,5.32,5.81,2,0,6,3,5,0
12,117,6.78,7.13,3,1,5,9,5,1
53,120,8.01,7.9,4,0,3,1,4,0
56,109,7.78,8.19,10,1,4,6,4,0
83,97,7.02,6.86,7,1,6,5,0,0
62,102,7.15,7.32,10,1,8,4,3,0
44,118,6.13,6.6,1,0,5,1,3,0
58,87,7.28,7.17,6,1,3,7,4,0
77,105,9.77,9.95,6,0,3,1,2,0
65,94,9.25,9.05,8,1,9,1,0,0
13,100,5.73,5.5,2,0,2,2,2,0
61,119,5.15,5.22,2,1,1,9,4,1
68,102,9.67,10.15,1,0,3,1,0,0
51,100,7.63,7.58,3,0,5,8,0,0
62,79,7.69,8.13,7,1,0,1,4,0
48,111,8.9,9.31,8,0,1,1,5,1
95,109,6.57,6.32,7,1,7,9,1,0
63,132,7.41,7.31,9,0,2,8,1,0
72,95,9.84,9.98,8,0,0,1,3,0
91,103,8.36,8.38,8,1,1,7,4,0
72,103,5.77,5.37,2,0,2,8,5,0
51,123,5.67,6.16,1,1,1,2,4,0
24,98,6.02,6.27,6,0,3,4,5,0
86,104,8.83,8.77,7,0,3,2,2,0
40,109,6.48,6.6,6,0,10,6,4,0
29,102,5.11,4.7,7,0,9,5,1,0
73,93,9.72,9.72,8,0,1,5,5,0
17,102,5.85,6.28,2,0,0,8,4,0
01,116,5.05,5.45,1,0,2,1,2,0
96,84,6.19,6.03,10,0,3,10,3,0
84,101,6.18,6.21,8,0,10,2,5,0
01,89,7.11,7.31,8,0,5,1,0,0
25,117,9.6,9.44,8,0,4,4,5,1
41,77,9.4,8.96,10,1,1,2,3,0
91,91,7.28,7.29,7,1,3,10,2,0
23,105,7.05,7.15,2,0,5,7,4,0
18,123,7.78,7.29,4,0,3,5,1,0
95,99,6.22,5.82,9,1,10,5,5,0
28,91,5.26,4.97,8,0,10,1,4,0
85,128,9.7,9.55,4,0,6,2,5,1
12,78,5.93,5.97,8,0,5,5,0,0
88,67,5.99,5.78,10,0,5,7,1,0
49,106,7.36,7.14,6,1,9,1,3,0
97,92,7.46,7.83,9,1,1,7,5,0
81,84,5.09,4.74,1,0,10,2,2,0
97,110,5.74,5.74,6,0,6,2,3,0
16,103,6.89,7.34,4,0,8,9,0,0
27,91,8.42,8.55,3,0,5,8,5,1
53,80,6.14,6.36,5,1,7,10,0,0
92,113,7.12,7.05,10,0,5,4,4,0
36,109,7.79,7.31,8,1,5,5,4,0
07,98,9.44,9.59,10,0,3,9,5,1
34,127,6.63,6.76,6,1,5,4,4,0
65,83,5.67,5.28,1,1,9,10,0,0
04,77,7.45,7.41,6,0,3,8,1,0
26,89,8.73,9.15,7,0,9,5,5,0
20,99,5.55,5.26,6,0,5,1,3,0
51,103,7.12,7.08,3,0,0,7,3,0
77,96,5.09,5.05,9,1,6,10,2,0
99,105,5.17,5.48,10,0,1,3,2,0
10,81,7.41,7.73,10,0,5,7,1,0
08,121,6.49,6.75,4,0,8,8,4,1
18,98,9.23,9.1,5,0,9,4,4,0
17,116,8.01,7.58,5,1,2,6,1,0
69,105,7.27,7.12,3,1,3,10,3,0
30,106,7.04,7.22,2,0,4,7,4,0
95,108,7.49,7.69,8,1,7,8,3,0
39,106,5.2,5.67,7,0,9,3,0,0
61,109,9.46,9.41,5,1,5,7,5,0
24,119,9.99,10.12,1,0,7,5,2,1
81,102,5.91,5.95,10,1,2,7,4,0
98,110,5.6,5.25,1,0,2,6,2,0
35,98,5.72,5.68,8,0,8,5,1,0
79,121,8.31,8.35,4,1,5,3,5,1
61,89,8.31,8.76,4,0,7,10,0,0
75,127,9.24,9.11,9,1,3,2,4,1
98,99,8.76,9.24,2,0,4,3,4,0
72,78,7.25,7.29,5,0,8,2,3,0
15,101,8.06,7.8,6,0,6,3,2,0
36,89,8.44,8.13,6,1,4,2,0,0
55,112,7.56,7.2,10,1,6,1,5,0
37,90,7.38,7.33,3,0,10,9,3,0
87,93,8.23,7.75,10,0,8,10,5,0
62,71,7.79,7.74,6,1,2,5,0,0
64,93,8.22,8.71,10,0,2,9,0,0
39,63,8.06,8.23,10,0,3,8,1,0
90,76,8.6,8.86,5,1,10,7,1,0
98,111,8.21,7.83,8,0,9,6,3,0
75,111,7.6,7.57,4,0,6,4,3,0
12,106,8.41,8.2,10,0,4,10,5,1
72,85,7.25,7.64,10,1,4,10,3,0
08,99,6.21,5.89,3,0,3,7,0,0
41,99,5.01,4.97,6,1,7,7,4,0
69,82,7.8,7.89,10,1,2,1,1,0
74,122,7.95,7.96,9,0,1,9,5,1
03,113,9.86,10.19,8,1,3,4,5,1
43,96,6.81,6.54,10,1,7,7,5,0
37,100,6.97,6.85,8,0,3,9,4,0
86,103,6.01,6.3,3,0,7,2,2,0
57,69,5.35,5.38,1,0,4,8,1,0
25,96,8.86,8.76,3,0,8,4,5,0
04,89,6.25,5.78,3,0,1,4,2,0
58,84,8.04,8.29,6,0,7,3,2,0
37,95,8.44,8.91,3,1,6,10,3,1
08,126,7.36,7.48,2,0,1,4,5,0
94,109,9.38,9.74,9,1,4,9,0,0
09,91,7.22,7.24,6,0,5,1,4,0
79,108,6.42,6.15,5,0,8,9,5,0
