"census","sector_type","longitude","latitude","census_pop","total","july","aug","sept","oct","nov","dec","jan","feb","mar","apr","may","june","count"
101210,"Residential",-118.29,34.25,6066,159767,26783,629,28301,771,4046,24482,3328,21389,16496,8162,15949,9431,395
101300,"Residential",-118.27,34.25,3974,219770,43552,349,49532,149,40757,312,26603,32,25668,51,32630,135,1380
101400,"Business",-118.29,34.25,3760,30173,4152,3700,3745,2555,2119,1739,1415,925,2039,1814,2329,3641,86
102102,"Residential",-118.35,34.22,6739,386273,76506,300,84260,289,70090,309,44050,174,49020,207,60776,292,1540
103200,"Business",-118.33,34.27,5484,98047,13508,13136,13477,10575,4675,9878,4505,3837,4629,5438,5464,8925,40
103400,"Business",-118.31,34.26,6209,34667,3072,2947,3415,3717,3247,3102,2654,2052,2520,2720,2404,2817,86
103400,"Residential",-118.31,34.26,6209,293131,56934,417,61642,450,56509,287,36531,261,32434,229,47144,293,1586
104105,"Business",-118.41,34.28,5233,16871,1975,1448,1577,1617,1465,1463,1176,1157,1154,1154,1254,1431,17
104105,"Residential",-118.41,34.28,5233,69826,2263,8808,2783,9786,2042,8344,1797,7076,1841,12371,1925,10790,120
104201,"Business",-118.42,34.29,4787,11330,1530,787,1062,1219,864,1013,820,680,743,850,888,874,39
104202,"Business",-118.41,34.28,7809,83846,5572,10824,8230,8333,7139,7793,6050,5777,4712,5473,6170,7773,50
104310,"Business",-118.43,34.28,3176,14696,1035,1094,1088,1263,1021,1197,1106,1658,1147,1296,1454,1337,54
104320,"Business",-118.42,34.27,5695,14720,1365,1503,1251,1270,1081,1324,1122,1140,1068,1070,1199,1327,110
104320,"Residential",-118.42,34.27,5695,164435,803,28161,1194,29226,794,35928,672,20424,504,20518,512,25699,830
104401,"Residential",-118.43,34.27,4584,116912,143,23612,340,21325,199,19311,169,16280,77,15575,135,19746,663
104402,"Business",-118.43,34.26,5012,15707,1452,1377,1380,1485,1307,1359,1279,1193,1346,1134,1202,1193,54
104500,"Business",-118.43,34.25,4847,21122,1844,1329,2033,1363,1285,2550,2168,1902,1305,1202,2496,1645,42
104500,"Residential",-118.43,34.25,4847,134343,25625,142,28394,232,22951,186,20266,18,16962,61,19456,50,728
104620,"Residential",-118.42,34.26,3417,94578,18374,55,19802,87,16029,47,14427,33,10850,45,14788,41,561
104701,"Business",-118.42,34.27,4168,29256,3390,2270,2496,2239,2680,2869,2333,2108,2237,2053,2058,2523,39
104702,"Business",-118.4,34.26,6262,80360,6588,7622,8023,7839,7578,7009,6090,5722,5312,6062,6186,6329,209
106020,"Business",-118.43,34.32,5817,15176,1137,1334,1336,1057,1000,1118,949,606,701,3340,1124,1474,23
106113,"Residential",-118.42,34.31,3084,125993,209,26844,208,25930,119,21121,215,14792,47,15917,91,20500,674
106114,"Business",-118.43,34.3,5136,33581,3321,2993,2853,2908,2879,3025,2791,2460,2197,2658,2653,2843,40
106402,"Business",-118.45,34.32,6817,8491,880,890,894,798,677,692,768,554,506,603,574,655,23
106403,"Residential",-118.44,34.3,3619,123174,161,25377,187,24617,107,19354,167,16851,63,16484,155,19651,773
106404,"Business",-118.44,34.31,4833,21461,918,3052,1812,2150,1646,2112,1659,1706,1336,1241,2198,1631,19
106404,"Residential",-118.44,34.31,4833,104102,3684,16165,3296,16249,2970,14427,3186,12635,2615,12131,3060,13684,128
106520,"Business",-118.46,34.31,5717,67925,6281,6554,6756,6249,5594,5140,4836,4522,4896,5172,5548,6377,73
106602,"Residential",-118.49,34.29,5536,430713,236,94778,167,87515,256,70100,210,44941,89,53074,99,79248,1735
106605,"Residential",-118.46,34.29,5818,196039,1010,38114,904,38188,700,31270,608,25886,535,25137,707,32980,1022
106606,"Business",-118.46,34.28,317,53601,8140,6906,10972,2411,2097,5397,2545,2651,2470,3034,3588,3390,17
106641,"Residential",-118.51,34.3,2335,174507,200,37212,130,34407,59,27975,56,19466,10,22497,20,32475,789
108200,"Residential",-118.56,34.29,4838,438982,82801,770,90565,1802,86453,1427,64812,415,41923,928,65595,1491,1874
109100,"Residential",-118.45,34.28,2450,100984,286,18714,112,20983,138,17696,67,12572,103,12610,14,17689,582
109200,"Business",-118.48,34.28,3111,16178,1583,1432,2031,1335,1149,814,788,699,736,3040,1192,1379,26
109300,"Business",-118.48,34.27,3408,31028,2656,2957,2477,2692,2668,3135,2301,2378,2045,2674,2532,2513,47
109500,"Residential",-118.44,34.27,2870,107126,880,20093,1314,20995,961,17231,1008,14423,883,12374,1013,15951,545
109602,"Residential",-118.46,34.26,4114,203427,587,43216,431,42032,462,31994,336,24492,374,24340,284,34879,1024
111202,"Business",-118.51,34.27,4795,35233,3360,2882,3204,2931,2355,3166,2996,2647,3101,3236,2588,2767,136
111203,"Business",-118.54,34.26,6562,61038,5579,5917,5589,6873,5162,5333,4240,3910,3617,4710,4619,5489,67
111203,"Government",-118.54,34.26,6562,22097,2321,2172,1908,6501,2155,1611,922,540,374,915,1203,1475,27
111203,"Residential",-118.54,34.26,6562,503014,107174,324,102148,378,96611,545,76129,462,51467,277,67174,325,1932
113100,"Government",-118.58,34.26,6244,34197,4373,6684,5713,3373,2137,2357,2138,611,415,1950,1820,2626,22
113211,"Residential",-118.61,34.27,3839,286875,64281,1363,67942,1360,51996,800,31773,732,25136,774,39604,1114,1169
113213,"Residential",-118.61,34.25,4394,251939,46202,548,48395,781,47793,1243,34440,1243,29789,1194,38884,1427,815
113322,"Business",-118.57,34.25,3917,23199,2641,2210,2354,2449,1989,1659,1344,1166,1082,1630,2297,2378,48
113401,"Business",-118.56,34.22,5037,115239,9527,8603,9978,8795,16117,8294,7653,7864,8978,9466,9710,10254,244
113401,"Residential",-118.56,34.22,5037,285103,615,55660,757,66439,673,41319,554,29236,3332,37438,397,48683,1370
113421,"Residential",-118.59,34.23,5713,234456,38173,5791,38839,5211,35191,5319,26518,4995,32449,4397,32664,4909,497
115101,"Business",-118.51,34.24,4771,26562,2777,2982,3290,2460,0,2521,1424,1294,1304,3375,251,4884,20
115201,"Government",-118.54,34.24,5728,157793,12930,15061,16786,21414,16353,16364,7221,8000,9661,11497,10987,11519,21
115202,"Residential",-118.54,34.23,4674,235912,15360,31134,14152,31206,14091,27792,11837,2179,27075,21086,10901,29099,1033
115301,"Residential",-118.55,34.24,3636,303235,54705,9404,53752,9678,48731,8294,38873,1336,27485,5993,35150,9834,858
115401,"Business",-118.51,34.22,5489,6935,584,711,708,554,0,783,469,507,567,895,99,1058,23
117100,"Business",-118.46,34.24,6242,31635,4920,2791,2635,2857,1051,2642,2566,2291,2360,2501,2236,2785,64
117200,"Residential",-118.47,34.24,5982,281794,53008,42962,15147,39197,12050,3552,42943,2469,29805,2012,34016,4633,1011
119100,"Residential",-118.44,34.25,4911,165180,16123,16249,17035,15428,15058,13824,13834,11033,10292,10774,12263,13267,905
119200,"Residential",-118.44,34.25,4039,145590,13802,15482,14109,14848,12022,12128,9634,11141,9053,9955,10909,12507,614
119320,"Residential",-118.45,34.24,3812,122420,22209,22625,1458,21390,37,1393,18904,1062,14394,1211,16428,1309,260
119340,"Business",-118.45,34.23,6864,22196,1654,1821,2067,1896,1919,2049,1703,1810,1780,2010,1677,1810,28
119400,"Business",-118.44,34.24,6726,15127,1709,2035,2205,1787,1280,1091,707,451,417,989,1061,1395,33
119400,"Residential",-118.44,34.24,6726,258385,51523,440,54862,531,44412,277,38147,312,30084,267,37354,176,1491
119800,"Residential",-118.43,34.23,5714,215375,41838,344,45781,230,38136,124,32450,158,24089,79,31971,175,1251
120010,"Business",-118.46,34.22,3384,2888,234,208,253,304,234,249,260,263,217,192,237,237,21
120010,"Residential",-118.46,34.22,3384,103175,20712,588,18747,502,17617,524,16094,549,12882,379,14233,348,517
120020,"Business",-118.46,34.22,4257,18549,1980,1596,1864,1940,1605,1715,1649,1106,1193,1381,1173,1347,43
120030,"Business",-118.45,34.22,2852,12018,949,1071,1135,1108,891,755,1598,815,890,890,895,1021,57
120400,"Business",-118.43,34.22,5575,97207,7538,9736,9953,10431,8142,8238,6929,6176,6583,6813,6650,10018,67
120400,"Residential",-118.43,34.22,5575,210593,35966,4784,36219,5355,32806,4865,30428,3752,22079,4074,25966,4299,791
121010,"Business",-118.4,34.22,4535,26959,2107,2770,2542,2713,2199,2006,2578,2007,1359,2533,1963,2182,35
121010,"Residential",-118.4,34.22,4535,193168,38200,1031,40559,942,34309,633,26673,653,20542,751,28273,602,1043
121020,"Residential",-118.4,34.21,3795,140312,27329,34,28104,167,25466,55,20537,56,17470,48,21035,11,684
121220,"Business",-118.39,34.23,4110,13660,1349,1371,1288,1209,1186,1072,1009,1020,967,1042,1085,1062,97
122110,"Business",-118.37,34.22,5421,46339,3962,3486,4695,3927,3995,4028,3588,3659,3316,3985,3373,4325,165
122200,"Business",-118.36,34.22,5607,71263,6141,7151,6813,6897,5999,6416,5041,4865,4761,5205,5786,6188,217
122410,"Residential",-118.39,34.21,4041,99139,15902,2921,16094,2510,15178,2534,12590,1709,12038,2421,13233,2009,165
122420,"Business",-118.38,34.2,5000,29241,2732,2629,2705,2802,2535,2603,2122,1903,1817,2347,2248,2798,61
123020,"Business",-118.37,34.21,3317,2214,147,239,286,238,266,254,126,122,109,117,149,161,19
123103,"Business",-118.37,34.19,4223,17799,1493,1638,1646,1759,1760,1467,1473,1221,1028,1217,1457,1640,72
123203,"Business",-118.39,34.2,4071,18477,1264,1848,2066,2226,1829,1562,968,2170,1036,1282,1012,1214,95
123205,"Business",-118.38,34.19,2700,30288,2414,2476,2711,2859,2890,2410,2309,2408,2611,2404,2023,2773,117
123205,"Residential",-118.38,34.19,2700,69221,22,13231,31,13046,49,12052,17,10286,16,9549,9,10913,263
123206,"Business",-118.38,34.19,3017,101228,7981,9799,9826,9008,9305,8413,6552,7660,7110,7978,8539,9057,72
123301,"Government",-118.4,34.2,4800,32515,4395,4849,4229,3740,2661,1747,1288,636,1437,1903,2423,3207,21
123303,"Residential",-118.41,34.2,3317,113747,156,21903,112,21559,186,17682,111,16244,135,15949,115,19595,459
123410,"Residential",-118.42,34.2,4487,141592,1405,25452,1512,25044,1227,21285,1274,20026,1026,18416,1053,23872,408
123420,"Business",-118.42,34.2,4512,49398,1700,1534,12273,3887,3832,3880,3784,3454,3309,4169,3662,3914,25
123420,"Residential",-118.42,34.2,4512,145920,866,27772,701,26236,626,24868,602,19534,464,19006,498,24747,521
123601,"Business",-118.42,34.18,4988,17233,1531,1143,1606,1569,1492,1914,1113,1198,1287,1428,1309,1643,27
123601,"Government",-118.42,34.18,4988,69625,6207,8474,9926,6988,7842,3487,2790,3980,2712,3490,6399,7330,27
123700,"Residential",-118.41,34.18,4145,193634,667,36858,625,36549,403,31096,373,26544,389,25346,319,34465,951
123800,"Business",-118.4,34.18,5710,40657,3091,3357,3363,3181,3404,3111,5078,2851,2991,2805,3167,4258,115
123900,"Business",-118.39,34.18,6701,43309,5403,4806,3504,4199,4332,2924,3181,2458,2456,2658,4589,2799,99
123900,"Residential",-118.39,34.18,6701,292936,3139,54579,2789,52979,2380,46703,2428,38187,2082,37099,2184,48387,1234
124000,"Residential",-118.4,34.16,4376,289943,929,56414,564,58225,616,52445,526,34825,564,36842,654,47339,1148
124102,"Residential",-118.38,34.18,4101,135208,1383,24286,1363,24706,1141,22483,1173,18360,931,17270,1109,21003,587
124201,"Residential",-118.38,34.18,3610,145665,176,29609,326,27533,24,23768,6,18696,87,19937,65,25438,784
124700,"Business",-118.42,34.16,4636,35442,3220,3214,3148,3398,3193,2983,2930,2554,2921,2463,2507,2911,65
124901,"Business",-118.4,34.17,6058,48098,4218,4293,4678,4241,3995,4021,3837,3287,3554,3609,3878,4487,70
124901,"Residential",-118.4,34.17,6058,232294,3106,38596,3044,38310,2774,38586,2812,31701,2470,31728,2701,36466,388
125100,"Business",-118.39,34.17,5581,12205,1225,1135,1118,987,1007,976,864,818,1013,1084,1039,939,70
125200,"Business",-118.38,34.17,3445,18021,1724,1410,1705,2077,1540,1524,1260,1204,1216,1301,1522,1538,75
125320,"Business",-118.37,34.17,4425,24342,2557,2277,2253,2235,2123,1989,2021,1986,1563,1609,1808,1921,105
125320,"Residential",-118.37,34.17,4425,90487,1261,15009,1314,14924,1468,14633,1180,12442,944,12601,1050,13661,180
125500,"Residential",-118.37,34.16,5948,271120,2464,48629,2741,46014,2922,46151,2863,35660,2448,35589,2239,43400,917
125600,"Business",-118.36,34.16,2379,4511,326,379,366,380,409,462,334,356,391,381,342,385,22
125600,"Residential",-118.36,34.16,2379,209380,571,43114,837,41888,1319,35728,667,23389,629,25139,801,35298,730
127101,"Business",-118.43,34.2,6969,14556,1558,1183,1311,1161,1380,1112,985,1124,1152,1140,1161,1289,41
127101,"Residential",-118.43,34.2,6969,234903,2274,41906,2055,42101,1114,36809,1055,31004,1162,34592,2232,38599,618
127102,"Business",-118.45,34.2,4940,30612,3233,2660,3144,2545,2878,2561,2234,1908,2433,2144,2233,2639,51
127102,"Residential",-118.45,34.2,4940,179415,6800,26013,6650,27080,5143,25410,4854,20313,4751,22466,4724,25211,351
127210,"Business",-118.46,34.21,5058,61802,5304,6424,5484,5023,5239,4286,4350,1,10093,4337,5949,5312,257
127210,"Residential",-118.46,34.21,5058,161029,4445,26791,5327,23832,5693,21675,4335,101,23356,18792,4152,22530,481
127220,"Business",-118.45,34.2,5020,21034,1583,1851,1954,2047,1865,2147,1377,1273,1585,2032,1658,1662,38
127300,"Business",-118.47,34.21,4975,61410,5175,6822,6766,6215,5647,4892,3812,338,7793,4216,4539,5195,102
127400,"Business",-118.48,34.21,4291,44338,3548,4104,4320,3778,336,7387,264,3047,6422,3210,4613,3309,301
127510,"Business",-118.49,34.2,4261,74138,6555,6673,7185,6690,562,11750,490,5348,9633,6128,6707,6417,324
127510,"Residential",-118.49,34.2,4261,165980,9676,22671,9918,22571,8818,19038,8196,1330,20267,14881,8010,20604,558
127520,"Business",-118.47,34.22,3534,21352,1713,1825,1983,2018,1816,1958,1749,1536,1560,1727,1695,1772,51
127601,"Residential",-118.48,34.2,5965,213213,31533,7711,32272,7819,28508,9529,25803,3196,27098,6845,25824,7075,515
127801,"Business",-118.46,34.2,7838,121699,11305,10852,11072,11519,10204,11045,10362,9141,7893,9396,9005,9905,126
127802,"Government",-118.46,34.19,6808,23107,2454,2869,2484,2483,1987,1333,967,620,943,1702,2259,3006,16
127910,"Residential",-118.44,34.2,4898,164574,26355,3562,26750,3916,24746,3353,23600,3079,20119,4075,21561,3458,312
128100,"Government",-118.44,34.19,8145,11923,1652,1298,1277,1348,1058,729,688,646,642,766,919,900,15
128302,"Business",-118.46,34.18,4763,72857,2210,2426,2206,22401,19435,4764,2784,2492,2647,3523,5852,2117,79
128400,"Business",-118.46,34.17,4101,78793,6984,7716,7572,7783,6682,6745,6611,5081,4931,5871,6066,6751,285
128500,"Residential",-118.44,34.17,5166,254565,47478,2006,47641,2222,40352,2087,40355,2081,29803,1746,36611,2183,992
128600,"Residential",-118.44,34.18,6168,323363,48689,14430,52695,15130,44920,13943,32532,12188,28695,11635,35469,13037,1050
128702,"Residential",-118.44,34.16,5330,279187,45988,3622,51587,3904,47032,3953,35464,4320,35026,3343,40561,4387,929
128910,"Business",-118.46,34.16,3775,34754,3221,3124,3442,3323,2914,2964,2759,2463,2488,2705,2688,2663,34
131100,"Residential",-118.51,34.21,3067,166065,20228,35894,422,32546,318,254,25611,76,16609,8882,12085,13140,1046
131400,"Residential",-118.53,34.21,5161,250463,5140,38553,5750,40482,5583,41027,4491,30137,3686,28290,4198,43126,896
131700,"Business",-118.55,34.2,7400,16464,1671,1510,1621,1377,1317,1280,842,1405,1151,1381,1337,1572,28
131900,"Residential",-118.51,34.2,3840,193047,37713,28430,11574,25133,12128,249,30040,97,20804,155,26327,397,1319
132700,"Business",-118.53,34.19,4844,21533,1753,1723,2114,1863,2141,1993,1786,1711,1473,1466,1745,1765,39
132900,"Business",-118.53,34.18,3481,26345,1138,5727,5225,7162,2378,864,1170,372,303,569,649,788,21
133000,"Business",-118.56,34.2,4011,15043,1371,1388,1449,1337,1211,1421,1087,1196,952,1113,1200,1318,24
134201,"Business",-118.59,34.21,3919,33280,2963,3089,3655,3145,2407,2975,2060,2889,1665,2097,3391,2944,115
134302,"Residential",-118.62,34.21,3618,213230,43774,479,46575,479,37472,144,28607,183,22526,214,32729,48,1252
134306,"Residential",-118.6,34.21,3458,79533,15708,1175,14055,1044,12166,1170,10145,901,10011,857,11334,967,209
134401,"Residential",-118.64,34.21,6225,546772,110608,311,123577,709,100213,4329,59413,2399,53989,2230,85074,3920,2062
134510,"Business",-118.6,34.2,6431,48060,4391,4065,4305,4286,4120,3835,3510,2030,5599,3789,3998,4132,202
134800,"Residential",-118.57,34.2,5531,250363,566,49819,2233,50732,541,38868,504,31003,790,32295,418,42594,1569
134901,"Residential",-118.56,34.19,2962,175461,678,34652,422,34991,535,29576,284,21036,469,21704,638,30476,894
134902,"Business",-118.58,34.19,7385,149988,12138,16308,14073,17987,13285,12578,10693,8912,8331,9991,11311,14381,151
135111,"Business",-118.61,34.19,3007,26999,2854,2538,2379,1975,2093,1428,3519,7,3439,1959,2192,2616,34
135112,"Business",-118.61,34.18,6011,204374,20814,22994,19945,21472,17315,13683,12692,7028,12408,23025,14914,18084,94
135203,"Residential",-118.65,34.19,6996,440752,87731,833,96683,484,534,82070,331,47539,8002,43423,11207,61915,2169
137000,"Residential",-118.64,34.17,4583,423029,52341,39271,55426,40045,631,76420,546,42325,513,45612,482,69417,1609
137102,"Business",-118.59,34.17,7366,265102,22547,24253,29991,20616,16249,14226,39744,15381,14831,20077,22832,24355,92
137402,"Business",-118.63,34.16,5404,57687,4708,5249,5115,5489,3583,10109,3328,3142,2688,4236,4601,5439,66
137402,"Residential",-118.63,34.16,5404,435004,1160,91249,1727,91724,10621,72950,1808,42283,1843,47121,2034,70484,1698
137501,"Business",-118.58,34.16,3723,82094,7909,7784,7638,6742,7313,7061,6824,5037,5774,6209,6680,7123,119
138000,"Residential",-118.59,34.15,4299,380605,322,80241,613,80631,197,67047,157,43655,153,43198,202,64189,1801
139200,"Residential",-118.53,34.18,4823,237685,33004,11964,33169,11477,31131,10402,26059,9258,18904,17788,22551,11978,1022
139301,"Residential",-118.56,34.18,4152,377684,228,82703,510,81484,428,59676,289,39998,284,42890,1407,67787,1313
139302,"Residential",-118.54,34.18,4338,185955,5702,18559,6637,22718,6522,44306,8256,20333,6767,18640,7158,20357,53
139400,"Government",-118.55,34.17,5387,16068,3745,1760,1868,1221,948,1251,951,594,621,961,1047,1101,20
139400,"Residential",-118.55,34.17,5387,529277,1355,113919,1360,114190,869,82788,2081,55566,738,60906,828,94677,1323
139501,"Residential",-118.52,34.17,7987,337984,38667,19365,39081,19990,35302,21999,32457,17855,32453,16545,45142,19128,219
139502,"Residential",-118.53,34.16,2887,185327,34142,3332,36303,3574,30024,2872,25907,2132,17828,2274,23608,3331,944
139600,"Business",-118.51,34.17,4547,121556,9960,9711,9628,16714,11771,9239,9966,8152,8137,9363,9008,9907,149
139600,"Government",-118.51,34.17,4547,10363,821,910,803,797,590,1507,1406,499,393,831,771,1035,15
139701,"Business",-118.5,34.16,4571,136049,11656,13278,12779,13286,11315,14418,10427,9973,9031,9538,9876,10472,117
139703,"Residential",-118.53,34.15,2965,477889,82265,27233,82995,26433,64892,18643,46742,10195,37555,10655,49057,21224,1076
141100,"Business",-118.43,34.15,5202,49258,4388,3804,3740,3706,2261,4804,3342,3173,4603,6849,4216,4372,194
141301,"Residential",-118.45,34.15,5260,278444,41634,7083,46484,7774,43764,7176,34724,6358,31011,6601,38920,6915,596
141400,"Residential",-118.48,34.16,4286,362845,71887,1753,77519,2134,66739,2063,49719,1767,37249,1346,49223,1446,1201
141500,"Residential",-118.48,34.14,2952,515172,118513,454,112543,319,94959,505,61100,8,56294,215,69689,573,1170
143300,"Residential",-118.39,34.15,5565,335092,2763,61803,2810,63109,2403,56706,2310,41815,2278,41980,2243,54872,1187
143400,"Business",-118.41,34.15,5358,9272,1003,826,808,854,611,1037,558,564,808,738,622,843,40
143400,"Residential",-118.41,34.15,5358,331508,57871,6149,61348,6348,1293,59860,2295,37814,2133,40246,2462,53689,1289
143602,"Residential",-118.39,34.15,3773,219662,13233,26328,16221,26247,2799,35954,3359,25873,2956,28420,2670,35602,632
143901,"Residential",-118.4,34.13,3863,468355,52944,43919,57952,45064,882,86024,820,49034,7984,46545,9589,67598,1676
143902,"Business",-118.42,34.14,2853,37911,4360,3250,2664,2690,0,4582,1138,4829,4985,3107,3504,2802,67
181400,"Residential",-118.21,34.14,4439,132642,6406,17429,6303,19264,1061,22108,1354,18938,1780,17533,1232,19234,679
181500,"Residential",-118.19,34.13,3891,141277,26399,415,28476,450,6907,17176,5554,14111,5057,13599,5887,17246,1151
181600,"Residential",-118.21,34.13,5662,149028,88,27930,67,28897,72,25494,56,21317,123,20146,52,24786,1019
183101,"Business",-118.18,34.12,3998,13783,1085,1076,1192,1239,1219,1143,1196,1229,1084,1116,1046,1158,47
183101,"Residential",-118.18,34.12,3998,125188,22552,174,24444,210,21867,428,18553,145,16648,155,19874,138,1012
183102,"Residential",-118.18,34.12,6132,213731,38223,525,40412,681,37467,498,31689,493,29096,556,33497,594,1149
183220,"Business",-118.19,34.12,4363,17594,1536,1649,1316,1690,1551,1523,1415,1346,1293,1403,1424,1448,53
183220,"Residential",-118.19,34.12,4363,100442,21,18215,90,17933,30,18210,621,15389,46,14422,16,15449,635
183300,"Business",-118.2,34.12,4897,26887,2286,2274,2210,2352,2269,2437,2191,2110,1974,2270,2442,2072,70
183300,"Residential",-118.2,34.12,4897,131887,6672,18777,6566,18452,5930,16800,5771,14277,5135,12845,5785,14877,1023
183400,"Business",-118.21,34.12,4127,18912,3173,1646,1438,1485,1560,1516,1340,1315,1234,1339,1371,1495,81
183510,"Residential",-118.2,34.12,2900,71149,12416,674,12548,673,11380,592,10706,552,9818,516,10662,612,586
183610,"Residential",-118.19,34.11,3729,67868,12163,494,12113,442,11082,360,10392,354,9575,334,10202,357,319
183700,"Government",-118.19,34.11,6422,8854,656,1073,736,455,378,940,323,324,1197,419,1448,905,20
183700,"Residential",-118.19,34.11,6422,200094,33845,2110,34810,2493,33495,1874,31468,1181,27709,1404,28011,1694,918
185100,"Business",-118.21,34.1,6159,34264,3700,3762,3497,4009,2994,2632,2331,1752,1778,2423,2543,2843,45
185201,"Business",-118.23,34.1,5308,19086,2590,1743,1792,1292,1168,1039,779,868,786,3202,1624,2203,60
185201,"Government",-118.23,34.1,5308,34509,4180,5172,5303,2237,3441,2109,1212,1072,1086,3133,2103,3461,17
185202,"Residential",-118.22,34.09,3827,130489,697,24866,418,24634,504,20575,474,19083,431,16819,406,21582,876
185310,"Business",-118.22,34.09,3364,2092,123,155,159,188,147,187,187,184,185,185,184,208,16
186200,"Business",-118.22,34.12,8146,32620,2605,2709,3209,2697,2731,2620,2700,2503,2766,2583,2649,2848,79
186300,"Business",-118.23,34.11,6120,24922,2067,2115,2063,2178,2182,2210,2157,1956,1754,2013,2184,2043,85
186300,"Residential",-118.23,34.11,6120,192398,113,36074,153,36304,48,32502,27,28293,52,27053,133,31646,1500
186402,"Residential",-118.24,34.11,5777,143086,134,26325,346,26010,356,23542,217,22088,91,20808,232,22937,803
187100,"Residential",-118.26,34.11,6849,212824,233,40137,59,40402,70,36108,81,30673,70,29078,96,35817,1457
187300,"Government",-118.26,34.1,3390,10697,1285,1126,1169,1172,212,673,565,1438,604,773,799,881,25
188100,"Business",-118.27,34.13,4348,372255,34044,28757,35267,34535,30308,30154,33447,31700,32605,23922,29318,28198,217
188100,"Residential",-118.27,34.13,4348,127294,1121,20530,1065,20572,35,18459,5797,17901,855,15690,900,24369,627
189100,"Business",-118.29,34.11,6271,47750,4111,4258,4236,4143,3309,3934,3748,3253,4372,4798,2922,4666,116
189200,"Residential",-118.3,34.11,6681,332472,21745,42217,21782,42794,5178,53577,5780,39767,4926,40086,5061,49559,1082
189300,"Government",-118.31,34.11,3097,14992,664,752,626,555,241,3690,633,487,5389,632,549,774,16
189300,"Residential",-118.31,34.11,3097,338682,775,65215,958,69299,470,63202,906,40875,491,40277,515,55699,1302
189702,"Business",-118.34,34.11,1755,27535,2577,2467,3976,2510,1725,1431,3029,1600,2282,2095,1979,1864,22
189800,"Residential",-118.36,34.1,2738,157827,25727,1494,25698,5543,93,23892,3094,21720,2270,22141,76,26079,537
190100,"Residential",-118.34,34.1,5296,202740,26535,7462,27684,7772,26880,6920,24844,6531,22164,6121,32439,7388,352
190510,"Residential",-118.31,34.1,4189,102220,2803,15377,2998,14675,1968,14835,2023,13816,4707,12408,2969,13641,100
190520,"Business",-118.3,34.1,4326,20024,3160,1779,1656,1677,304,1729,1653,1496,1681,1636,1675,1578,44
190700,"Residential",-118.34,34.1,3269,87567,12621,2463,12075,2937,13197,4753,11189,2889,10679,2288,9275,3201,202
190800,"Business",-118.33,34.09,6310,125389,11083,10733,12085,11551,10292,10021,9731,10867,9203,9883,9306,10634,262
191110,"Business",-118.3,34.1,3818,114334,9508,10459,9851,10902,11096,10067,7246,9431,7611,8622,8134,11407,53
191201,"Residential",-118.3,34.1,4774,127499,12165,10650,11276,12049,1061,20578,1826,19346,1544,17140,1715,18149,268
191203,"Business",-118.29,34.09,3313,10445,1114,1003,1018,947,965,914,798,847,598,748,767,726,38
191204,"Residential",-118.3,34.09,2514,69573,310,11553,505,11897,346,12643,336,11113,251,9646,286,10687,224
191300,"Business",-118.29,34.09,5580,248230,20869,23819,22907,21844,193,27162,18674,15683,18908,36066,2198,39907,162
191300,"Residential",-118.29,34.09,5580,148946,23743,1522,24495,1533,62,25790,417,24403,15523,8341,14870,8247,418
191410,"Business",-118.29,34.09,4957,23756,2142,1995,2907,2186,2200,1978,1969,1716,1583,1637,1766,1677,61
191410,"Residential",-118.29,34.09,4957,129244,1900,19992,2074,22567,1789,20352,1520,19822,1199,17469,1475,19085,180
191420,"Business",-118.29,34.09,3732,19290,1495,1461,1762,1650,1672,1654,1691,1730,1548,1436,1661,1530,32
191420,"Residential",-118.29,34.09,3732,88145,1513,13180,1727,14459,1465,13860,1498,13100,1301,11553,1380,13109,153
191500,"Business",-118.3,34.09,5756,18296,1475,1692,1882,1491,1515,1503,1466,1490,1273,1409,1464,1636,56
191620,"Residential",-118.3,34.09,2813,80251,1153,13138,420,13870,1380,13019,1064,11978,784,10866,844,11735,123
191720,"Business",-118.31,34.09,4093,30302,2287,2308,2561,2670,2505,2602,2659,2855,1828,3053,2355,2619,31
191900,"Business",-118.34,34.09,6682,133940,11763,11828,12148,12319,12359,10978,11116,10674,9405,10640,10068,10642,387
191900,"Government",-118.34,34.09,6682,4965,579,371,391,462,383,508,334,334,392,364,447,400,18
192000,"Business",-118.35,34.08,5319,72523,12231,6386,6497,6775,418,6589,5655,5007,5660,6395,5400,5510,240
192300,"Business",-118.33,34.08,2495,81914,11892,12287,10730,7701,4847,3489,3118,2884,3110,5359,7265,9232,114
192300,"Residential",-118.33,34.08,2495,159530,25932,4001,27055,4010,24023,3948,23037,3657,15887,4021,19822,4137,484
192420,"Business",-118.31,34.08,4151,29808,2355,2389,2502,2407,2481,2648,2458,2618,2313,2304,2526,2807,38
192510,"Residential",-118.31,34.08,3959,97568,17135,27,16865,49,17635,37,16385,30,14525,97,14765,18,312
192610,"Residential",-118.3,34.08,4742,125867,17975,3796,18508,4116,18381,3993,17888,3665,15433,3156,15259,3697,247
194100,"Residential",-118.36,34.11,6523,686642,131329,3797,132517,3811,120608,3587,97288,3146,78266,2922,106453,2918,2225
194500,"Business",-118.37,34.08,2287,77980,7006,6389,6690,7472,6546,7097,6645,6349,6141,5999,5786,5860,154
194500,"Residential",-118.37,34.08,2287,114989,375,23126,437,22055,812,20694,366,14544,264,14430,290,17596,625
195200,"Business",-118.28,34.11,6138,32828,3091,3222,3293,2932,2772,2602,2510,1789,2645,2366,2737,2869,65
195500,"Government",-118.26,34.09,5228,4977,508,601,558,547,412,402,242,251,248,381,366,461,19
195600,"Residential",-118.27,34.08,3529,102752,18924,135,18274,157,17632,107,16482,183,15198,140,15269,251,567
195710,"Business",-118.27,34.08,4978,34717,2915,2244,5350,3824,2509,2141,2304,579,4639,2853,2450,2909,41
195720,"Residential",-118.26,34.07,3233,65188,1099,10749,1171,10252,1100,9278,2007,7,10243,8308,734,10240,284
195801,"Business",-118.27,34.08,6087,14920,1214,1344,1394,1171,1468,1103,1489,1203,1105,1121,1158,1150,56
197300,"Residential",-118.25,34.08,4679,124672,20931,8458,14589,8020,13736,794,20629,504,17066,619,18442,884,708
197600,"Residential",-118.25,34.07,2984,76859,1253,14413,1074,12471,3,422,12586,308,10461,11123,129,12616,329
199000,"Business",-118.22,34.08,3641,132404,11105,9454,9956,11614,11056,11895,11914,10663,11583,10560,10262,12342,224
199201,"Business",-118.21,34.08,4444,25922,2357,2361,2380,2726,2355,1924,2117,2020,1697,2078,1823,2084,66
199201,"Residential",-118.21,34.08,4444,103780,16026,1894,17224,1204,18060,699,15842,1763,14147,667,14738,1516,324
199400,"Business",-118.21,34.09,4956,67943,5209,4859,5315,5699,5277,6310,5267,5486,5587,5468,5757,7709,50
199800,"Government",-118.21,34.07,5697,5586,484,755,883,663,428,382,209,271,386,350,361,414,17
199900,"Business",-118.21,34.07,2573,20530,2179,1979,2331,1853,1771,1515,1474,1431,1411,1486,1487,1613,68
201120,"Residential",-118.16,34.09,5238,136760,25034,93,26983,70,23198,36,22344,32,18662,41,20236,31,824
201200,"Business",-118.18,34.09,2655,16060,1349,1545,1464,1458,1204,1343,1271,1131,1216,1342,1238,1499,35
201301,"Business",-118.19,34.09,3678,4698,409,431,417,417,352,368,367,461,339,327,394,416,35
201501,"Residential",-118.17,34.09,5744,162522,29121,398,30500,339,27919,340,24816,205,22941,306,25170,467,1020
201504,"Residential",-118.17,34.08,2422,65816,11913,112,12617,19,11195,22,10657,24,9521,9,9684,43,418
201600,"Business",-118.17,34.08,5062,141433,8042,10932,12590,14308,12625,12872,9470,11727,10852,11904,11978,14133,164
203100,"Business",-118.2,34.06,4893,6664,485,496,534,563,518,581,506,554,540,505,474,908,37
203200,"Residential",-118.2,34.05,4961,123197,21797,42,22745,195,20756,14,20794,20,17576,59,19153,46,583
203500,"Government",-118.22,34.05,3993,24362,2031,2171,2916,1688,1891,1944,1683,1788,1830,2739,640,3041,18
203600,"Government",-118.21,34.05,6554,9826,746,1174,1127,1033,839,595,528,627,696,547,1003,911,15
203600,"Residential",-118.21,34.05,6554,135274,374,23555,318,24262,224,22904,235,21612,277,19277,176,22060,594
203800,"Residential",-118.2,34.05,4898,117579,20953,663,20662,779,19398,860,19004,621,16289,627,17086,637,684
204200,"Business",-118.21,34.04,3280,15945,1362,1430,1259,1486,1289,1548,1324,1194,1154,1221,1250,1428,50
204300,"Business",-118.21,34.04,4995,26842,2181,2218,2260,2230,2008,2243,1450,1452,1686,4895,2150,2069,68
204410,"Business",-118.21,34.05,2490,6746,608,644,600,528,596,595,557,536,464,529,536,553,30
204910,"Residential",-118.2,34.03,3223,83543,14840,122,15383,26,14855,0,13745,1,11594,0,12977,0,347
204920,"Residential",-118.2,34.02,2637,66786,12275,62,12396,49,11877,46,11036,50,8944,9,9997,45,423
206030,"Business",-118.22,34.05,955,35429,2403,2177,2559,2171,2078,2013,2013,2189,11999,1775,2056,1996,67
206050,"Business",-118.23,34.03,2488,339225,35116,26434,27499,27064,20339,26067,23897,25938,27640,29696,41317,28218,897
206050,"Residential",-118.23,34.03,2488,53977,456,13210,326,8445,183,8161,328,7097,269,7083,276,8143,65
206200,"Business",-118.24,34.05,3477,225653,20141,20620,28135,18950,20076,16185,15783,115,33269,15278,18355,18746,356
206200,"Residential",-118.24,34.05,3477,46456,7670,3156,4700,5125,1380,3087,893,0,3789,2735,10513,3408,19
206300,"Residential",-118.24,34.04,4995,42234,1597,2521,1439,5601,1218,3131,2052,852,8886,5899,6254,2784,24
207300,"Business",-118.25,34.05,3739,391627,33181,30508,32920,36987,840,69107,517,29956,56141,32090,30444,38936,466
207300,"Residential",-118.25,34.05,3739,107114,6785,8254,7712,15362,165,16912,121,6034,14748,13679,6818,10524,40
207500,"Government",-118.25,34.06,4098,10875,735,759,802,1296,242,2292,112,775,1638,712,717,795,15
207710,"Business",-118.26,34.05,1229,283412,20985,18968,36266,24100,319,44496,753,21284,47524,21893,26421,20403,137
207900,"Business",-118.26,34.04,1993,191449,14952,13898,15332,21341,8,15785,13076,22352,12822,27822,434,33627,420
207900,"Residential",-118.26,34.04,1993,73993,6235,7268,7420,6880,0,5760,5788,4064,10131,9464,924,10059,22
208400,"Residential",-118.27,34.07,5958,179223,12417,20015,12092,19623,9450,5256,24206,3640,23398,21431,8629,19066,320
208620,"Residential",-118.28,34.07,4734,88515,13731,771,14301,1677,13881,1339,14051,1193,12510,1212,12425,1424,246
208800,"Government",-118.28,34.06,6450,65238,9540,12282,7652,7425,7428,3878,1138,2854,1363,3910,3118,4650,15
208902,"Business",-118.27,34.06,2344,42471,7183,2754,3279,4696,390,4038,3369,3145,2946,3300,3521,3850,60
208903,"Business",-118.27,34.06,4125,47131,4407,3712,3444,4693,3564,4552,3502,3462,3222,3799,4683,4091,52
208903,"Residential",-118.27,34.06,4125,124994,16824,9017,10570,10831,9190,6700,15569,5874,13835,5642,14890,6052,46
209200,"Business",-118.26,34.06,1467,90732,11791,8227,10608,8011,7,9111,5433,6287,7994,9979,3668,9616,90
209300,"Residential",-118.27,34.05,3100,156178,25620,18286,9017,17213,0,10583,17434,9454,15517,9155,16401,7498,129
209401,"Residential",-118.28,34.06,3967,100058,14287,3293,13656,3518,14250,3641,14007,3275,12050,3074,11702,3305,72
209403,"Residential",-118.27,34.05,3480,110872,19161,13096,5637,12991,0,5902,14584,4876,12782,5047,12004,4792,54
209510,"Residential",-118.28,34.05,2681,67896,10155,1574,9641,1622,9855,1425,10387,1513,9350,1585,9145,1644,68
209820,"Business",-118.28,34.05,2708,7981,742,872,753,822,613,882,631,518,531,565,487,565,24
211120,"Residential",-118.29,34.07,5116,149857,19074,8658,18524,8796,18481,6699,23599,6085,13870,6154,13660,6257,105
211200,"Business",-118.3,34.07,6312,25455,2104,2529,2521,2758,2536,2701,1822,1793,1544,1834,1610,1703,38
211310,"Business",-118.3,34.07,4197,4802,412,466,443,271,267,288,321,883,317,374,372,388,16
211320,"Business",-118.29,34.07,3654,14185,1059,1383,973,1120,1605,1304,1272,1141,1000,1183,1014,1131,28
211410,"Business",-118.31,34.07,3470,27157,2210,2294,1944,2269,2409,2326,2426,2307,2083,2461,2195,2233,48
211500,"Residential",-118.31,34.07,4631,242794,45535,1504,45942,1403,42898,1496,35828,1472,27455,1448,36384,1429,757
211702,"Business",-118.31,34.07,8278,41559,3322,3437,4336,3939,3750,3746,3180,3451,2739,3148,3078,3433,64
211702,"Residential",-118.31,34.07,8278,268573,33740,7985,33727,7905,50787,9300,33254,9492,32887,8235,32392,8869,212
212100,"Business",-118.3,34.06,5321,76756,6778,7967,6932,7334,6492,6607,6044,5233,4719,7431,5388,5831,83
212202,"Business",-118.29,34.06,4111,16928,1456,1332,1311,1584,1424,1754,1439,1412,1375,1270,1261,1310,30
212203,"Business",-118.29,34.06,2876,15279,1112,1129,1087,1459,1320,1737,1030,1527,1154,1192,1230,1302,20
212306,"Residential",-118.29,34.06,3666,91398,1427,13791,1548,14709,0,15286,29,1691,14221,13766,1332,13598,114
212410,"Residential",-118.3,34.06,4264,126602,6022,10756,23750,10968,7251,10611,4948,0,15317,9256,15287,12436,48
212420,"Business",-118.3,34.06,3778,20659,1919,1579,1856,1654,1890,1676,1696,0,3465,1603,1635,1686,16
212420,"Residential",-118.3,34.06,3778,78979,1844,12117,1852,12663,2039,11546,1416,0,12922,10305,1406,10869,114
212500,"Business",-118.31,34.06,6125,111557,9326,8742,9933,9005,8264,7850,9040,96,15725,7775,12684,13117,89
212500,"Residential",-118.31,34.06,6125,164695,6057,28937,6333,21924,6266,21565,5063,0,24018,19064,5430,20038,148
212700,"Business",-118.32,34.06,6455,74984,6536,6748,7313,6862,7236,6253,4571,6563,4694,5136,7099,5973,118
212800,"Residential",-118.33,34.05,4914,137655,224,24939,302,26581,168,21902,131,19696,170,19478,90,23974,725
213100,"Residential",-118.31,34.05,2643,100333,1822,17007,1709,16449,1824,15360,1673,12545,1538,13025,1745,15636,325
213320,"Residential",-118.29,34.05,2743,70997,1034,11544,1015,11492,0,12438,6,924,11054,9672,1059,10759,209
214000,"Residential",-118.35,34.08,3734,198382,1336,36260,1112,36316,139,35336,13,26767,88,27907,47,33061,945
214100,"Residential",-118.34,34.07,3806,265038,50589,580,53074,778,47482,539,39127,484,30286,564,40881,654,889
214400,"Business",-118.36,34.08,2950,20274,2024,1683,1651,1786,1863,2020,1734,1544,1407,1265,1735,1562,64
214600,"Business",-118.37,34.07,2527,59031,5140,4767,5057,4786,4905,5327,4526,4610,4529,4535,5411,5438,140
214800,"Residential",-118.37,34.07,2544,112567,373,20065,356,20224,278,21077,211,16113,236,15320,278,18036,494
214900,"Residential",-118.38,34.07,5829,243208,8895,34479,5869,34419,5651,37311,5410,31665,5807,31453,8033,34216,546
215100,"Business",-118.35,34.06,5630,51515,5321,3951,3824,5716,4612,4668,4251,4224,3607,3820,3724,3797,90
216300,"Residential",-118.36,34.06,4653,228565,2786,40125,3020,42290,2546,36579,2853,29198,2614,28396,2483,35675,997
216400,"Business",-118.38,34.06,6774,35691,3312,2611,3261,2924,2795,3110,2543,3174,2639,2556,3592,3174,119
216800,"Residential",-118.37,34.06,3576,152908,26,29251,107,28638,11,27411,22,21124,112,19414,57,26735,737
216900,"Residential",-118.36,34.05,5382,211352,198,40547,515,40076,205,36117,73,30816,41,27499,166,35099,1219
217000,"Residential",-118.38,34.05,6726,261992,540,47503,493,48077,480,45559,434,39743,439,35325,495,42904,1250
218120,"Residential",-118.32,34.04,4588,126172,334,20770,308,20184,296,19815,232,17619,242,17864,9635,18873,425
218220,"Residential",-118.34,34.04,4469,155001,527,28239,587,29058,491,25044,546,23218,544,20262,539,25946,647
218300,"Residential",-118.35,34.04,5569,170499,1305,30895,289,31151,230,28376,312,26146,290,23528,283,27694,874
218500,"Residential",-118.35,34.04,3253,97002,76,17879,15,17680,7,16383,42,15129,4,13733,4,16050,547
218600,"Residential",-118.34,34.04,3742,132616,76,24268,216,23809,78,20962,3,21483,12,19665,38,22006,754
218800,"Business",-118.32,34.04,2821,7574,887,639,616,634,708,572,522,564,475,198,1156,603,29
219020,"Residential",-118.32,34.02,4362,120471,226,22201,28,21986,53,21107,9,18223,23,16485,8,20122,906
219300,"Residential",-118.33,34.03,3489,113877,63,19676,191,19760,79,20081,67,18283,65,17214,48,18350,572
219700,"Business",-118.35,34.03,3164,18879,1566,2892,1704,1413,1329,1366,1341,1301,1237,1440,1534,1756,139
219900,"Business",-118.36,34.03,5993,27451,3619,3592,2855,2099,1851,1483,1564,1920,2110,1912,2392,2054,96
220000,"Residential",-118.34,34.03,5165,163124,633,29855,124,28745,125,28194,90,25413,118,23502,162,26163,1041
221220,"Residential",-118.29,34.04,3553,80862,52,14257,42,14883,4,13976,83,52,11780,12102,53,13578,295
221301,"Business",-118.31,34.05,6069,37928,2953,4494,3847,3767,3670,2240,2088,4112,2747,2397,2579,3034,72
221301,"Residential",-118.31,34.05,6069,162347,1947,27596,1870,28231,1512,25983,1378,23740,1339,22466,1358,24927,274
221500,"Business",-118.3,34.04,5145,79289,7361,7245,7009,6196,6821,6357,6968,1301,10937,5824,6452,6818,64
221500,"Residential",-118.3,34.04,5145,150842,1441,25639,1996,24348,1553,23682,1485,6809,15769,22816,1794,23510,412
221600,"Business",-118.3,34.04,5036,96415,3335,3161,3538,20142,1643,4990,2276,1320,6031,34675,7589,7715,104
221710,"Residential",-118.29,34.04,4694,115146,7173,12115,7420,13704,6523,13456,6023,493,17629,11794,6144,12672,403
221820,"Residential",-118.29,34.03,3234,74855,294,10455,590,14001,0,12928,0,399,12322,11613,404,11849,164
222000,"Business",-118.31,34.02,7314,28180,2316,2720,2942,2450,2628,2128,2485,1911,1853,1739,2603,2405,84
222100,"Residential",-118.3,34.03,3738,123920,1180,21630,209,20643,350,18918,170,14,17415,23694,177,19520,482
222200,"Business",-118.3,34.03,3878,9493,801,981,997,767,825,729,644,0,1367,734,755,893,40
222200,"Residential",-118.3,34.03,3878,114688,19,21096,194,20559,46,20121,66,5,16414,16755,24,19389,412
222500,"Business",-118.3,34.02,4437,9097,863,848,992,741,863,699,608,5,1256,646,679,897,33
222600,"Residential",-118.3,34.02,5419,166813,196,26466,122,27221,67,26081,1260,8650,24138,25245,31,27336,631
224200,"Government",-118.28,34.04,3067,15461,1671,1363,1275,1178,241,1910,1191,1059,1020,1573,355,2625,19
224310,"Business",-118.28,34.04,2238,30805,2270,3361,2147,2787,2354,2930,2589,2012,1906,2158,3912,2379,40
224320,"Residential",-118.28,34.04,3293,86354,15023,141,14614,109,15129,119,14529,207,13310,148,12918,107,151
224600,"Residential",-118.27,34.02,3862,91387,15391,15925,370,15243,0,1629,14553,383,12573,1181,12960,1179,253
228210,"Business",-118.25,34.01,3404,7812,665,765,677,718,603,726,615,588,472,601,631,751,20
228210,"Residential",-118.25,34.01,3404,84694,14576,300,14617,225,15161,235,14532,313,12196,230,12104,205,434
228320,"Business",-118.26,34.01,3112,9454,749,345,1339,882,916,951,708,625,783,744,696,716,26
228410,"Business",-118.27,34.01,5280,22893,4900,1632,1706,1670,211,2328,1489,1610,1906,1728,1856,1857,72
228420,"Business",-118.27,34.01,2830,13426,1258,1173,960,1154,1153,1240,1231,1049,1133,1015,994,1066,27
228420,"Residential",-118.27,34.01,2830,72211,11633,0,12608,104,12385,12,12525,1,10767,87,12089,0,268
228500,"Residential",-118.27,34,4506,130354,22456,39,22471,4,21245,432,21651,116,19949,279,20777,935,538
228600,"Business",-118.26,34,4667,27443,2437,2440,2750,3006,2182,2592,2687,1901,1854,1787,1776,2031,80
228710,"Business",-118.25,34,4031,10893,864,918,926,1251,935,1008,827,907,791,792,806,868,26
228720,"Business",-118.25,34,4157,2913,230,263,210,252,199,254,236,252,265,256,222,274,25
228800,"Business",-118.24,34,5354,39974,2725,6526,4137,4018,2821,3319,2658,2693,2761,2665,2608,3043,93
228900,"Business",-118.24,33.99,3068,24619,1737,1864,1960,2494,2307,2510,1707,1972,1804,2107,2262,1895,123
229300,"Residential",-118.27,34,4961,131336,23118,303,23291,91,20258,104,22583,16,18802,97,22643,30,520
229410,"Business",-118.27,33.99,3274,23980,1791,1864,2026,1865,1810,2283,2149,2175,2051,2198,1857,1911,47
231100,"Residential",-118.28,34.01,1383,36014,3477,6206,4,6324,0,2644,3938,2383,2659,2308,3515,2556,65
231220,"Residential",-118.29,34.01,3518,108849,327,19934,299,19632,304,18422,246,16156,315,15788,291,17135,272
231300,"Residential",-118.3,34.01,4561,142489,190,26131,451,26032,91,24070,167,21254,159,21121,106,22717,743
231400,"Business",-118.31,34.01,4243,27752,2314,2271,2306,2415,2459,2434,2584,2327,2438,1865,2104,2235,42
231400,"Residential",-118.31,34.01,4243,129610,74,24431,54,22984,42,22368,47,19809,18,18875,20,20888,789
231500,"Residential",-118.31,34.01,4218,140235,587,26236,560,25424,489,22734,364,20638,406,18711,356,23730,1092
232200,"Residential",-118.3,34,3010,99539,236,17929,76,17657,59,18321,1199,14487,56,13909,56,15554,475
232700,"Business",-118.29,33.99,4614,154600,12765,12470,15895,15148,13015,11038,8763,12116,11510,12536,16183,13161,79
232700,"Residential",-118.29,33.99,4614,133336,311,22930,997,24214,481,21809,223,20817,312,20596,394,20252,681
232800,"Business",-118.28,33.99,4264,20855,1786,1732,1747,1795,1664,1945,1661,1810,1650,1765,1613,1687,74
234500,"Business",-118.32,34,5373,27838,2471,2295,2445,2364,2256,2393,2250,2501,1951,2384,2104,2424,112
234700,"Business",-118.33,33.99,3968,24187,1948,1960,1876,2075,2809,2133,1791,1823,2127,1814,1833,1998,104
234700,"Residential",-118.33,33.99,3968,124760,292,22074,254,21961,106,21082,544,19061,99,18187,298,20802,812
234900,"Residential",-118.33,33.98,7064,224727,2177,37524,2080,38667,1857,37337,1922,33881,1653,32269,1501,33859,619
235201,"Business",-118.32,33.97,2719,7511,708,569,1057,664,5,649,525,645,538,856,394,901,60
236100,"Business",-118.34,34.01,5172,64596,5563,5873,5695,5940,5204,5327,4624,4959,4559,5529,3863,7460,73
236100,"Residential",-118.34,34.01,5172,180953,1450,32072,1140,33116,1115,29798,1089,27622,794,23355,996,28406,521
236400,"Residential",-118.35,34.01,4193,188386,929,34604,958,34877,875,32457,955,26689,700,24218,877,30247,1044
237100,"Business",-118.29,33.99,6558,60921,4952,5400,3908,4286,4071,4494,5385,4977,4639,4630,4078,10101,131
237100,"Government",-118.29,33.99,6558,7854,373,384,780,955,932,780,487,680,525,598,705,655,16
237200,"Residential",-118.3,33.99,6071,185051,2644,31506,2664,31264,221,31154,158,28901,92,26965,185,29297,1244
237500,"Residential",-118.29,33.98,3673,99316,771,17795,926,18215,737,15489,786,15093,498,13285,399,15322,402
237710,"Business",-118.29,33.97,3883,21383,1959,1783,1812,1959,1768,1882,1666,1806,1686,1670,1681,1711,51
237800,"Business",-118.3,33.97,4217,21298,2106,1874,2251,1963,1696,1977,1508,1306,1430,1472,1758,1957,45
238200,"Residential",-118.3,33.96,5243,173831,31170,512,31643,512,30516,147,25453,100,23780,1433,28071,494,1240
238310,"Residential",-118.29,33.97,5281,151423,25490,236,27191,253,25957,198,23836,167,23769,214,23881,231,399
238400,"Residential",-118.31,33.96,4160,156373,29807,145,29522,198,12049,17945,9210,13002,20499,152,23740,104,1382
239200,"Residential",-118.27,33.99,6466,171489,28882,433,30496,910,28157,350,29338,286,24957,522,26918,240,887
239310,"Residential",-118.28,33.98,2629,57744,9688,21,10051,119,9219,58,9979,7,9569,4,9012,17,305
239320,"Residential",-118.27,33.98,2992,80041,12904,319,13951,67,12817,45,14546,23,13410,127,11828,4,444
239600,"Residential",-118.27,33.97,5167,144126,25097,627,25246,483,24070,528,23784,537,21470,439,21407,438,703
239800,"Residential",-118.26,33.96,7563,220217,36801,552,43354,418,36065,315,36418,379,30915,374,34404,222,1235
240010,"Business",-118.26,33.96,3536,16017,1223,1208,1236,1306,1429,1403,1400,1514,1203,1324,1252,1519,83
240020,"Business",-118.26,33.95,4262,11237,1014,1547,1001,1080,975,1040,951,1054,868,952,363,392,41
240200,"Residential",-118.28,33.96,5488,165769,30753,509,28544,414,27990,336,25304,225,25194,304,25746,450,923
240300,"Residential",-118.29,33.95,5945,177857,30158,483,29036,608,28600,666,27002,200,32560,253,28070,221,764
240700,"Residential",-118.26,33.95,5240,177006,30610,352,30818,289,28793,246,29183,380,25994,212,29881,248,1258
240900,"Business",-118.26,33.93,4678,21847,1625,2952,2445,2060,1641,1345,1147,1099,1258,1787,1885,2603,72
240900,"Residential",-118.26,33.93,4678,155359,27180,266,28515,344,26501,144,24874,115,22407,210,24587,216,934
241000,"Government",-118.26,33.93,5900,2691,211,177,258,192,202,107,446,189,123,102,190,494,15
241120,"Business",-118.28,33.93,5656,27878,2350,2154,2014,2461,2155,2596,2521,2606,2269,2266,2257,2229,73
242000,"Business",-118.25,33.94,3194,5234,575,509,525,465,1077,328,308,253,237,254,420,283,21
242100,"Residential",-118.23,33.95,2649,54636,12403,0,10383,31,8600,0,8688,0,7733,0,6798,0,23
261101,"Residential",-118.39,34.11,3823,655034,40707,96278,44701,93962,40615,73671,27665,48916,26239,53539,33928,74813,1906
261102,"Residential",-118.43,34.11,4217,979642,3645,204419,3736,196122,918,159799,1225,114756,670,123418,517,170417,1928
262100,"Residential",-118.45,34.1,3530,1011088,2106,219578,1990,215871,1322,163142,1250,101473,858,125367,1212,176919,1600
262303,"Residential",-118.49,34.07,3145,493836,1910,102326,2027,98498,2253,77337,1258,48077,1101,64931,1367,92751,1343
262500,"Government",-118.52,34.05,3523,28358,783,653,686,361,343,211,108,15,23285,97,203,1613,15
262601,"Residential",-118.56,34.08,3274,313272,730,63441,355,64423,122,51591,70,175,31045,41907,271,59142,787
262602,"Business",-118.55,34.05,6580,36893,4018,3638,4017,3400,469,3610,286,1406,4742,4918,3179,3210,38
262701,"Business",-118.54,34.04,3404,19540,2065,1953,1795,1794,0,1710,1330,1078,1065,3015,0,3735,22
262701,"Residential",-118.54,34.04,3404,211603,2594,37562,1864,38981,64,2183,30933,3455,23456,29831,33,40647,938
264301,"Residential",-118.46,34.05,4586,175242,27708,2524,25451,2855,26809,3145,28946,2528,24776,2452,25575,2473,344
265100,"Residential",-118.43,34.07,2557,387415,4909,73119,3024,74940,8659,56201,3851,38217,2684,46308,4541,70962,627
265304,"Residential",-118.45,34.07,3932,72230,1332,9435,1055,9155,1548,9461,1175,16425,1283,9357,1228,10776,93
265410,"Residential",-118.46,34.07,1334,102378,18829,270,19635,148,19061,105,16222,64,11853,26,16071,94,496
265510,"Residential",-118.44,34.06,3896,139823,6966,16533,7837,16145,5612,15565,5313,19660,6535,15450,6538,17669,217
265520,"Residential",-118.44,34.05,4243,165853,2721,27182,2455,27778,2457,25879,1849,24223,1690,23320,1869,24430,452
267401,"Business",-118.46,34.05,5581,32471,2202,1880,1737,1910,6495,3057,2357,2480,2285,2668,2719,2681,37
267501,"Residential",-118.46,34.04,5307,170402,29025,193,27571,198,29646,198,29666,178,26344,244,26869,270,389
267900,"Business",-118.42,34.05,5384,136871,13136,12581,13970,11442,13422,10544,9318,8900,8013,14510,10416,10619,95
269000,"Business",-118.4,34.04,4785,96735,11224,6420,15196,8635,5610,5257,3618,3249,3532,6832,11434,15728,37
269100,"Residential",-118.39,34.05,4620,234139,1577,38599,1498,46169,1317,39332,1264,32635,1386,31147,1181,38034,966
269300,"Business",-118.41,34.04,4080,13667,1287,1031,1184,1038,1179,1315,1182,1094,1066,1000,1086,1205,61
269600,"Residential",-118.38,34.04,6761,207892,125,36638,158,38016,142,35708,142,32976,266,29502,66,34153,596
269700,"Business",-118.39,34.04,4216,17883,1697,1609,1795,1636,1669,1394,1350,1257,1183,1323,1464,1506,84
269800,"Business",-118.4,34.03,3365,2159,138,136,160,157,261,177,120,253,158,207,170,222,15
269800,"Residential",-118.4,34.03,3365,128414,896,23085,775,22384,793,21930,609,19149,710,17419,677,19987,475
269902,"Business",-118.41,34.02,7251,28554,2850,2428,2569,2519,2607,2387,2105,2163,1651,1645,2314,3316,116
270100,"Residential",-118.4,34.03,4619,155322,2677,24367,2151,24919,2259,24231,1707,22108,1513,20467,1633,27290,270
270200,"Business",-118.38,34.03,2850,29216,2789,2508,2642,2335,2269,2274,1377,2566,3854,2474,2422,1706,118
270200,"Residential",-118.38,34.03,2850,79774,190,15058,19,14663,3,13282,0,12402,151,11189,32,12785,453
271300,"Business",-118.45,34.03,3004,17147,1370,1446,1473,1295,1361,1474,1468,1361,1299,1565,1491,1544,58
271701,"Residential",-118.42,34.03,5194,197753,35616,858,39398,1018,55,33355,909,27300,869,25514,827,32034,808
271802,"Business",-118.41,34.02,5972,23139,3663,1790,2530,2298,0,1994,2013,1739,1802,1727,1859,1724,63
272100,"Business",-118.44,34,4300,5393,556,561,490,499,740,379,360,357,339,366,375,371,40
272301,"Business",-118.42,34,3283,9907,854,910,797,915,64,853,790,729,726,1617,63,1589,21
272302,"Residential",-118.43,34,4422,129161,21241,1419,21919,1425,222,21450,1317,19616,953,18861,0,20738,354
273300,"Residential",-118.47,34,4173,131540,19220,3499,19547,3790,19166,3835,18155,1205,18986,3452,17145,3540,738
273500,"Business",-118.47,33.99,3041,31199,2527,3028,2638,3449,2505,2074,2317,2058,2607,2760,2501,2735,148
273500,"Government",-118.47,33.99,3041,14418,1450,1958,1665,1438,1167,964,1033,411,476,1351,1125,1380,17
273500,"Residential",-118.47,33.99,3041,99804,18123,1078,15405,976,15917,863,15341,700,15209,860,14394,938,699
273600,"Residential",-118.46,33.99,2469,95612,17525,82,17519,138,16474,82,14867,5,13319,66,15433,102,860
273700,"Residential",-118.45,34,2847,116003,21640,150,22616,131,19616,104,18132,96,15127,129,18083,179,834
273800,"Business",-118.45,33.99,3149,14961,1398,1263,1337,1406,1162,1141,1220,1039,1116,1268,1291,1320,75
273800,"Residential",-118.45,33.99,3149,124137,22548,545,21654,682,20982,502,18926,486,18069,475,18753,515,724
273900,"Business",-118.46,33.98,4152,21637,2164,1826,1891,1703,2023,1915,1722,1514,1395,1630,2186,1668,48
274100,"Residential",-118.45,33.99,2388,161397,17816,3617,18858,4238,17520,4110,28019,3753,16782,6353,32827,7504,549
275100,"Residential",-118.41,34,5895,182968,30883,719,37783,702,74,30047,16,24720,28652,810,27742,820,841
275200,"Residential",-118.42,34,4279,130640,21136,385,25825,493,77,22481,163,20325,11206,8275,11305,8969,478
275520,"Residential",-118.41,33.99,2711,59553,11445,0,11866,0,0,10219,0,9058,8277,0,8688,0,80
275601,"Residential",-118.41,33.99,3420,102986,17671,1178,17936,1412,3794,14028,3228,11375,14372,1195,15502,1295,761
276100,"Residential",-118.37,33.98,4461,213711,21021,9332,30244,12131,23323,18077,24808,8444,18804,8585,27368,11574,572
276400,"Business",-118.41,33.97,3918,68955,410,348,302,382,219,21360,8233,0,8943,8480,9505,10773,19
276602,"Government",-118.43,33.96,8091,21787,1991,2059,1895,4395,2055,1376,980,1059,719,1069,1616,2573,18
276602,"Residential",-118.43,33.96,8091,309325,36436,9203,36992,11366,37950,9118,43835,9478,41456,16382,44620,12489,607
277000,"Residential",-118.4,33.97,5459,292929,58571,489,60115,487,53269,416,38300,143,33959,352,46339,489,1931
277200,"Residential",-118.38,33.95,3743,89426,15005,1528,14133,2092,13039,3828,11705,1274,10815,2549,11606,1852,222
278000,"Residential",-118.4,33.96,2430,102540,20159,49,19205,25,17906,4,15439,4,13063,30,16582,74,702
278100,"Government",-118.45,33.96,2859,14072,1655,1504,1516,1145,1127,873,701,679,775,1122,1345,1630,20
278100,"Residential",-118.45,33.96,2859,141068,25438,1579,23950,1719,22358,1547,21381,1353,17286,1651,20943,1863,837
291110,"Residential",-118.29,33.92,3133,117110,20692,574,21080,699,19637,379,17870,475,16603,1018,17579,504,436
291120,"Business",-118.29,33.91,2282,32936,2231,2363,2384,3061,2920,2298,2083,2531,2743,3111,3776,3435,45
291130,"Residential",-118.29,33.9,3507,117340,22832,604,22877,522,18885,604,17106,5,15370,584,17450,501,817
291210,"Residential",-118.29,33.89,4961,132917,24112,496,25112,398,23201,365,20757,281,17388,267,20178,362,739
292000,"Business",-118.31,33.84,6621,189893,15440,16629,14567,13618,33,14127,30401,10044,9447,34005,75,31507,164
292000,"Residential",-118.31,33.84,6621,220567,8964,38527,2897,34027,2958,37,37920,365,30291,26727,7673,30181,910
293201,"Residential",-118.3,33.83,6540,224275,40244,27473,14578,25123,13558,462,37092,413,30130,455,34500,247,1067
293202,"Residential",-118.3,33.82,6622,175044,30446,169,30068,415,29125,164,31428,236,25324,251,27307,111,581
293302,"Residential",-118.3,33.8,4302,147747,27025,937,26410,983,24828,1128,22738,908,19347,908,21430,1105,761
293304,"Business",-118.3,33.79,4207,4212,416,423,391,419,440,450,453,266,181,227,250,296,16
294120,"Business",-118.25,33.79,2529,125746,10656,10336,10540,9155,1871,25890,679,10338,19226,11196,9206,6653,94
294200,"Business",-118.27,33.79,4425,21328,2088,1970,2094,1977,1397,1778,1185,391,3276,1647,1633,1892,65
294510,"Business",-118.27,33.79,4266,7293,645,663,618,645,755,549,596,471,731,548,532,540,24
294610,"Business",-118.26,33.79,3875,104154,317,312,347,342,308,312,622,336,338,316,100292,312,27
294700,"Business",-118.26,33.78,3270,3137100,247728,277507,344377,265561,247948,426565,177125,138590,11651,629803,162794,207451,437
294700,"Residential",-118.26,33.78,3270,75070,169,13134,161,12836,200,12740,244,11909,113,11020,233,12311,276
294810,"Business",-118.27,33.78,4039,11617,529,1590,464,474,2175,870,414,363,359,2511,887,981,28
294820,"Business",-118.27,33.78,3555,23276,2038,2167,2439,1891,1935,1815,2165,1887,1611,1681,1709,1938,71
294900,"Government",-118.28,33.78,3262,61830,2492,5815,9319,6982,3585,4794,3324,6655,3239,8427,3339,3859,45
295101,"Residential",-118.3,33.76,5188,220253,42268,1057,40937,872,37156,553,33273,449,27962,182,35413,131,828
296100,"Government",-118.27,33.74,1434,487327,37852,19608,48160,76944,103406,77434,33755,15227,18372,26485,13285,16799,61
296220,"Business",-118.28,33.74,3605,47020,3114,3517,4335,3083,3312,3109,2878,12750,2540,3034,2687,2661,99
296300,"Business",-118.3,33.76,4348,24738,2003,2942,2595,2515,2134,2022,1916,1014,1216,2143,1899,2339,77
296400,"Government",-118.31,33.74,6294,34230,2420,3732,3963,3523,2990,2467,1819,1842,1537,2777,3268,3892,19
296400,"Residential",-118.31,33.74,6294,296607,53148,3654,54590,3837,47980,3276,43767,3116,34116,3070,42568,3485,1836
296500,"Residential",-118.29,33.75,3796,122387,16760,6154,16946,5141,16305,4636,14890,4655,13192,4155,14997,4556,788
296600,"Residential",-118.29,33.74,5200,179571,19129,13523,19291,13366,17267,12462,17547,11990,15191,11172,16536,12097,841
296900,"Business",-118.29,33.73,8250,19000,1775,1515,1542,1756,1560,1737,1463,1378,1485,1637,1298,1854,83
296900,"Residential",-118.29,33.73,8250,256103,26683,16223,28358,16635,29121,15670,26638,16340,24156,15502,25478,15299,1116
297000,"Business",-118.31,33.73,5482,25360,2137,2024,2464,2167,1833,2203,2018,1982,2268,1963,2118,2183,49
297000,"Residential",-118.31,33.73,5482,234561,43675,237,45191,97,39427,791,34961,597,30206,63,39300,16,1412
297120,"Residential",-118.28,33.73,3358,94758,9,17331,0,16232,104,15768,22,15042,61,14436,26,15727,454
297200,"Residential",-118.3,33.72,8011,263715,28143,18945,28014,18210,27407,18240,24134,17955,22170,18209,24195,18093,1494
297300,"Business",-118.31,33.72,2886,21021,2038,1944,1069,876,17,1882,16,1299,1596,808,792,8684,19
297600,"Residential",-118.29,33.71,6572,182271,2077,30923,1756,29686,413,31218,502,27662,511,27572,463,29488,1189
535200,"Residential",-118.25,33.95,5358,10280,1315,383,1210,63,2386,90,1679,0,1707,0,1447,0,24
609900,"Residential",-118.3,33.74,1678,30634,5740,0,6112,16,5171,6,5044,0,3954,7,4581,3,194
700100,"Government",-118.35,34.09,10257,9047,1775,638,1263,820,0,1140,478,456,366,664,634,813,16
700500,"Business",-118.38,34.09,7994,143462,12558,11944,12743,13459,2070,20883,1728,9744,22901,11206,11743,12483,164
701100,"Residential",-118.46,34.05,682,2315,366,0,476,0,499,0,326,0,102,0,546,0,19
702803,"Business",-118.43,34,3048,74423,6476,7466,6402,7197,4569,7000,6031,5270,5096,6670,4259,7987,178
