temperature,humidity,rainfall,soil_pH,disease_present
27.483570765056164,33.21505269512778,0.5727577781376618,4.975875097582007,1
24.308678494144075,36.94500536946347,42.52234632600608,8.165265628044239,0
28.23844269050346,34.02618938954857,16.095303239459987,6.316734017011097,1
32.61514928204013,41.1041804694612,20.31101548395062,6.164949465435727,0
23.829233126383322,51.971785314619126,11.851323330310272,8.482468398670957,0
23.8293152152541,32.28957842858795,2.058563802356225,5.727684947748145,0
32.896064077536955,50.008204977684144,0.3152001986274977,7.843563917015076,0
28.837173645764544,32.183279276531124,19.99940083736843,7.880548271425853,0
22.65262807032524,31.523727875031156,5.04728670907756,5.04701594661008,0
27.712800217929825,48.18594618343214,3.063415847672062,4.42677861557573,0
34.02436730390653,49.219363780076165,8.24789977907065,8.39029052072139,0
22.671351232148716,48.51409936762654,5.462775533388996,5.916535888610051,0
26.20981135783017,26.84202591781859,10.545934769973735,4.00999144904588,0
15.43359877671101,35.340490219279495,6.612478826291767,6.245580252230313,0
24.563116256152252,48.22988592003321,11.947922100408967,6.786851636863527,0
22.188562353795135,100.0,19.202062300213896,7.492397113516153,0
19.93584439832788,29.263071538025358,2.1760518013941628,8.243239532006374,0
26.571236662976368,44.58317939125442,3.9963147771410954,8.118267830254585,0
20.459879622393945,32.851927410085295,5.741481495401549,8.230611190246908,0
17.938481493323543,57.94524848392212,32.717084093455846,4.144563167167627,0
32.32824384460777,55.44841462418258,4.546557938129284,7.202983602237104,0
35.806677746350985,46.040974263555675,4.7981132721314665,5.0163608326255895,0
25.33764102343962,53.61006704769774,10.59793164678159,4.843987092425443,0
17.87625906893272,40.64791350123381,5.433483159708993,7.601433558696627,0
22.278086377374088,47.654374943750156,30.205116755223585,5.87708360127796,1
25.55461294854933,54.77720295302075,22.48748260660205,8.12470034102051,0
19.245032112888488,42.45498681794313,7.203308877918703,4.19095790858068,0
26.87849009172836,37.44812828485716,10.350045460488262,7.609813732692235,0
21.996806550405974,22.953780418228842,0.5978244854526469,4.615754850771681,1
35.31229687655043,39.16866474278506,11.898415492688914,4.79459740704243,0
32.98720040827952,48.234231845623114,12.282684782827316,6.148082719860245,0
34.26139092254469,49.4563342756763,4.450367840450837,5.780154733927597,0
24.93251387631033,45.043650657184095,2.480548824666228,6.187775377579019,0
19.711445355220498,34.5870090503776,24.66026822458614,8.230119349139748,0
29.112724560515943,20.231784310524095,5.56354687517259,6.958250210036079,0
18.895781750144888,35.04784901995265,10.604674563797701,5.306392218289003,0
26.044317975023777,36.956551289460485,0.33896856834553124,4.778089205430303,1
15.201649380601122,36.87071032809986,5.345501147061558,5.890208238089201,1
18.359069755507846,46.18556356977925,16.996843949968,6.03238462270482,0
25.984306179345616,59.8567641101484,4.903304265489805,6.7058248445478235,0
28.692332899977053,41.23529201841093,9.242250256420556,5.197012165928956,0
25.85684140594985,37.832682108435385,2.355398191456033,7.453791611935675,1
24.421758588058797,37.407781869959074,5.387547851017946,4.443071104657217,0
23.494481522053555,41.24384766907714,26.260700829266792,6.5220401362029445,0
17.607390048162863,31.71706239651601,8.357521849208586,6.805892439598501,0
21.400778958026457,41.20198558746055,23.220886477647728,4.930742114793154,0
22.696806145201062,44.508123363318,23.229847532722946,7.7170510772482945,1
30.285611131094576,42.09686063574488,28.850463706162923,6.769444563434549,0
26.71809144784231,44.575419340047816,22.575319989819548,6.905749965915878,0
16.18479922318633,100.0,0.0328652371781154,6.239845775935473,0
26.620419846973974,100.0,27.183261924381906,8.093173977293523,0
23.074588597918417,46.368701583954035,1.4787310403497416,7.12267411669431,0
21.615389998470206,33.28985154337546,0.4074517571167719,5.7182600420309315,0
28.05838144420434,29.04160836996042,0.5698158373442805,5.073726495028388,0
30.154997612479754,28.955481721450038,4.291169126110036,4.3197775367056925,0
29.656400595580994,44.33541610472529,9.697022820474725,4.744123767311618,0
20.803912383886807,37.77425072775147,5.146850560009652,8.467073284376468,0
23.453938120743928,23.180312160145892,0.25886466716309503,5.830451031962381,0
26.65631715701782,44.78037815192283,6.47185076680605,8.044092522748329,0
29.877725635611796,25.603918692011725,5.836306491986152,4.76756210598369,1
22.60412881077355,41.398213585182106,14.140737213746053,5.9141239210338234,0
24.071705116680914,100.0,3.279665703734369,8.322333101650518,0
19.46832512996986,48.85577081695045,2.453011960762576,4.41009513138685,0
19.018966879596647,57.81684786466852,2.956322013810782,6.672929277156262,0
29.062629111970992,26.353236740994582,3.6203187043971785,8.13627355313336,0
31.781200142854114,39.475261439369504,9.142050917522717,8.273575178294127,0
24.63994939209833,37.236647049557824,6.377606970712437,7.80703364700299,1
30.01766448946012,44.33749685960962,4.108212745604593,7.851704945620672,1
26.80818012523817,42.15668770933618,4.689068841444598,6.934823293528595,0
21.77440122697438,36.4745375726338,4.635026626492164,4.991903986427467,0
26.80697802754207,35.590978113891445,35.90182097649966,7.288053450182138,0
49.03527424849477,28.835491448159523,2.6526455070336374,8.402730090064255,0
24.820869804450243,49.87861582406509,17.04086892376662,6.366700816027649,1
32.82321827907003,44.592041815995294,12.317237840498896,5.173138115846055,0
11.901274479551278,49.17768197795137,0.055855759295482504,6.58061980494249,0
29.10951252187612,36.896038635244864,49.873414337655255,7.107746603082774,0
25.435235341190857,33.4316453130557,14.123893762147755,4.937261392409859,0
23.504963247670663,29.21684933370772,11.471186901069865,7.236352064242402,0
25.45880388267751,43.58917583740659,5.197397495874126,6.6434478649797635,0
15.062155426995536,29.602067754717652,8.10137480571428,6.755574591166235,0
23.90164056081244,58.4866306896655,2.9205280442335138,5.376945683829254,0
26.78556285755873,26.923574189065597,0.3612824112931182,4.698700645500405,0
32.38947022370758,42.73660119212502,18.08020923574073,6.8055245288754564,0
22.40864890863176,55.66854707213786,22.68033857992947,6.638048451186574,0
20.95753198553406,45.99089759263809,1.7729895513841303,5.521054844712122,0
22.491214782077318,41.75673712491779,15.467265087363408,5.331521503956493,1
29.57701058851037,30.315163530381042,13.515168632350111,5.562600077480278,1
26.643755548298422,26.18230811432296,1.9647119475481298,6.20447502324469,1
22.351198981164806,47.70050108917586,5.478852648481903,8.386688808000226,0
27.56633716556678,55.06147240774946,5.494935525118413,7.4360407991179285,0
25.4853877467402,35.61150009521828,14.26967443000052,7.832828826244698,0
29.843224952664446,28.60938492383649,18.180679571648298,6.27542306006589,1
32.23460179591986,15.418305694509815,0.9957188149898966,6.367556253004496,1
23.361689267011158,30.192351563374622,8.27751685687677,4.919460976466624,0
23.039459234339212,38.8634315750096,14.344284276697628,7.2447062633548525,0
17.682425259339407,55.99123240836734,15.426702872763894,5.897128026057863,0
26.48060138532288,46.73133692232969,1.6016115174791212,7.341010864679701,0
26.305276360899448,43.05085404706753,7.455045000863544,5.840749215906815,1
25.025567283212304,35.99880338698869,19.488253386333383,4.488327342462586,0
23.827064333124266,34.16834282744044,3.8348628659605972,4.778741595036475,0
17.92314628974793,54.056475975079636,5.5358856130883165,7.652065351336075,0
22.896773386173205,42.0073854075839,16.31471434141057,5.163774203015197,0
23.286427417366152,18.97399308078978,0.9356317999965338,5.189594901551812,0
20.988613653891903,33.264603521027574,19.625000325514435,8.182156405010492,0
24.193571441669953,31.417839682283734,3.7274148918261627,6.959360302900823,0
40.53038142610904,34.537359908225355,0.014513693182158921,4.514383992479603,1
34.43092950605265,45.629106602850854,2.6678089199706796,4.646133715593704,0
25.872889064159196,38.925551182057504,0.9376208370874352,5.225653447241257,0
26.28775195361382,39.23134592996338,0.9693489663808312,6.6729805952198475,0
24.627770421169163,53.13473161325237,11.80372606553306,7.387714614575527,0
15.406143923504793,33.03538910213312,2.4076837967671296,5.235233995539387,0
24.867430622753915,58.64199525887349,27.294121971299194,7.91788916836734,0
25.301151049705133,33.28692408628914,7.2658927902380785,4.491310804978668,0
37.316210562426434,40.89198196612571,6.163681151561713,4.9341962561943085,0
36.05729276414158,37.18796404597233,5.696622418623835,8.367092145142948,0
26.507736711668063,41.23419133500961,11.79565239420013,4.60635188644146,0
24.826441151473784,44.44591995073129,6.019596006841851,7.996500884757149,0
19.15660981190234,44.338352400888766,1.3765457409528905,7.167707839318429,1
30.714114072575104,32.4688266937942,21.216994052397954,4.32889190788768,0
28.759665163433873,28.77085322552429,5.593076960205138,6.176680730049748,0
28.955159735215233,65.03171790905711,0.7688598570832008,6.335407089151628,0
20.453062726026303,35.160156603994466,7.536745305401809,8.194628341371269,0
32.013971554680495,46.992124386719865,10.422703069760315,5.894970668847259,0
17.990744686038596,23.923586894768032,3.22387345863552,6.010436269589242,0
27.934285469001352,37.203872800953235,16.111414009162825,4.506176896538703,0
35.952278129049894,38.72800616017557,11.079836006782589,6.876276535469481,0
20.04731837434656,44.72815069927832,10.507973692222105,4.949036391500934,0
33.25276702797921,12.77545859008061,5.461505204474303,4.348899662006681,0
25.498256825438204,41.661406130783305,32.67942689361941,8.486135500318573,0
22.482621729419005,28.50258544632107,3.204658600230585,5.2133333258326235,0
17.246682844669337,43.24345711194924,8.620523434483058,4.6347392430796175,0
25.342814874030136,29.63670803161837,3.6969528108153433,7.147706685687293,1
19.688481431369475,31.445173040744187,13.657263521816255,7.6975697016485585,0
27.36796215317591,37.26372389606732,0.4897123862604947,4.28834871906856,0
20.402878828830985,29.476705303968046,0.46980364114762485,4.474269883614042,0
32.7496720250877,35.24465553264645,16.652729233399768,4.4057822061192065,0
21.083733538318814,28.066242314566846,5.69635095847492,4.2113168649513,0
23.38969241897162,21.668295483012724,4.1730500578836125,6.967554153854277,0
29.067586086848348,50.179570524293595,9.352871827649889,6.647409353827138,0
18.845678417830225,27.039513071760716,12.10324077257171,6.982629954519698,0
26.137299673020646,38.21319112392016,2.2464636352653358,6.275502234733814,0
31.53571377141214,47.52891081493785,2.0509643633820227,7.6787845843251175,0
16.96258382719386,33.85055897483957,31.736813498259107,6.46000736124359,0
25.92316929266152,31.74834100254462,8.907796893732447,8.134361206598312,0
26.299413971242117,42.262380886674215,4.94487286431408,6.18541839626797,0
28.90911435888655,51.17933822727152,16.1667249236034,7.557963975452195,0
18.81524644560959,28.30684734913531,7.4477518101409546,5.8331215915763535,0
18.397716934578618,100.0,2.766271510577934,5.958507526493992,0
27.60970782808449,22.675054050326725,2.3159832444404245,7.8204642035706255,0
26.48492336616593,36.0679899631781,5.05604720049581,4.484469259109485,1
26.252464251729382,40.34204684538076,19.65369277609482,6.542129897424436,0
26.732241047484877,31.453753582449345,0.6341692747284332,7.2685141050045345,0
21.599876392107547,35.430081661747685,2.4657339999366963,7.376892769376742,0
26.161268485805017,25.9177323169255,22.363463198475124,6.661720872264889,0
26.465362366493405,40.770786113814935,1.29806417787595,6.016290178717812,0
21.42824290986816,50.556942488831496,9.932412123793016,5.17352099740041,0
34.328872555723784,29.028561302295365,2.4017701065187023,8.09241805909355,0
27.36916460455894,33.77328233447617,9.310664762991625,5.664045763845964,0
19.043482513986756,45.02546246454182,4.830550972783039,7.595464398400056,0
28.28276804316915,52.12090719322736,1.0722547186474254,4.142495258331863,0
20.126591648863393,25.068101877910685,8.734110180410234,5.044761466089741,0
28.93542301871226,38.312152625840504,11.489883630450542,5.555131567978552,0
30.79297789503702,42.83130822319525,11.402865805587382,7.022083284895919,0
20.89658840824145,38.97943609371152,10.134472400441318,5.436988632228509,0
29.81688064622161,15.23207933122913,6.935968435142714,4.186137103686882,0
27.06390463468249,45.01090009308772,7.328710633492359,4.782403822243072,0
29.11030079997245,55.19336351090644,10.096131904777316,5.166244085661967,0
34.48396491326974,41.16661751169504,11.72019982486175,4.7922136597111855,0
23.773059419985646,29.688939467057367,10.638536470100235,4.9167605206351,0
31.846978767318827,34.86872753635717,8.841758906228474,7.460306233030095,0
20.552427851872384,57.69913067655593,1.6941202628322591,5.854151397777071,0
20.920948575172808,49.09962540860559,2.3650306668588437,5.8233066010056636,0
24.614491452929478,46.40026618384329,3.014078697450891,8.349728514967687,0
26.70575987408322,43.56412583534376,25.215082761972788,6.010158270748901,1
26.383453996650097,33.38862887809027,14.245990758032756,8.174461596395776,0
29.13591624518012,37.994288193442316,8.048987858742127,5.3457839419750615,0
25.065009459389536,39.22077264321484,2.9042841158320316,5.802818169568779,0
32.26767038578659,45.49574316064444,1.1753602981453084,5.7832751023035796,0
23.67671583381022,55.08918894266903,22.90253697937114,6.4573547454159,1
38.600845832948096,51.183381367931275,22.318099583625806,6.629112808842785,1
28.12833673882503,25.806156442039594,1.1731569003701472,5.1165626306902094,0
20.714212217918586,42.23994968901049,15.956171906050656,7.571129126877034,0
19.64553750969444,47.36763345167897,5.917556556937341,6.234366796045567,1
27.412362076215928,46.188603301446356,3.915132882043644,4.031695990834634,0
23.882686073370746,33.7076623661258,13.436354737621937,6.661032849925061,0
28.57000247046046,100.0,9.527720074731006,7.591267486881113,0
27.366188122867726,27.22915437668881,15.142645946919481,5.127100320169561,1
24.635855436715637,29.168115533339503,0.7723624848576928,4.170419542128667,0
20.766031409657977,42.33595081261576,3.8358672485753647,7.632303950428252,0
26.138645814856016,61.16803054963853,3.846583533766247,8.393245221872322,0
22.767425239664895,31.63805149295829,4.001091155100801,4.344536265992061,0
29.28199397161736,37.34171634353008,6.981192662044759,8.221165632965745,0
26.07046872065102,50.77293673015693,3.3269868972674503,5.616734853892279,0
18.771306106440058,39.82137845112266,5.876771690545436,8.236478238646395,1
25.86590462925591,36.65396145469704,4.585140371134429,6.919776958011011,0
26.926586898644185,45.6563290188672,13.291432398284641,8.00609940601786,0
30.871069228491503,42.725179902295935,9.250812446559065,7.53624861273136,0
25.76862552972764,50.30438785636791,10.602460721777005,4.125989842692821,1
25.29104359223,52.914688890653636,2.364617132286178,4.294491260462743,0
19.285148510846884,43.07003060005362,3.9378681360914487,6.365850723033448,0
26.788936801741418,42.91732725378309,0.21392647272552595,4.583285589302107,0
27.80392263184117,42.14110982286134,1.1470931009930616,6.074654076207182,0
30.415256215876383,44.891305566492875,3.0795856751044317,8.295836343540104,0
30.269010260174515,40.55170637871464,0.6770483133338917,5.3264077939951795,0
18.111653160214544,39.99391517677711,9.228934830254378,6.200107212170834,0
20.310874800424386,51.966271208272424,62.818788413876014,5.729168335306312,1
27.5751763360433,55.16116180355043,1.0626671954255205,6.834221339117118,1
27.568929754561044,24.924470553665792,17.21656405180869,4.872302187932014,0
27.575238431530238,40.10021151740569,1.26489101882966,5.169726805604275,0
44.26365745327361,33.113055665547655,11.084021093569248,7.864455331138045,0
27.854452553465833,36.890285335139275,10.304610598282352,7.651013007371523,0
30.677828200902994,44.02516209735322,23.30130352329748,7.551353599917882,0
29.770008817466014,46.694383715424685,1.209769461532095,7.469138241930532,0
28.25695625652899,38.87873556388655,3.7898550691181745,6.067468720577105,0
23.42365377679827,20.86659665277197,0.9516792631298683,7.280008476394937,0
28.794846102466337,30.349544194238206,5.2320750688521915,5.74242168042453,0
21.13587392731214,48.964996702001656,24.2580609011917,4.453193110852661,0
23.815906966299956,12.595735779650688,15.210752245765724,5.770185887420015,1
22.573182260854484,51.87427151682,12.833771896008887,4.713983699025689,0
25.409370696931614,45.212299906445416,7.614849199700057,5.758832562846293,1
36.573292833367546,53.16176081530022,21.49741630078548,5.338413469132989,0
15.66367403704126,38.0143081311904,5.968226031423991,6.696223001805662,0
28.43130095187257,19.38594575977095,1.6214919444718974,5.626931869742905,0
16.936420644051744,44.30362641506498,18.176018647583604,7.175153485206303,0
22.640340671052833,52.74653124038341,3.2800187094319404,6.304660064714422,0
30.444752984836832,49.24721805513421,0.5512540758890238,8.1377152533193,1
25.321400095477316,33.37308516511965,1.347184176243548,4.409614459076741,0
19.61127611035347,40.86761075462647,9.391984111537122,7.094691348885995,0
21.42348145370016,34.67163731220076,9.341542484603115,7.025785949065178,0
28.39798874467338,31.80733535810628,3.0135265191339022,8.277819463357153,0
21.34816684141432,49.55388571179851,12.989435842015231,5.671983401696436,0
26.082292947909874,28.024676887348377,14.85629313223045,5.3744708637047305,1
25.22785919951907,31.061835694183873,25.320312909947297,4.775770498961455,0
21.741998261970913,28.959743665276143,8.793261644967131,5.193798319098821,0
35.719720446626624,100.0,15.115100895921543,6.258508477398124,0
28.169595111590056,100.0,13.98770585635626,7.769708328819897,0
14.874287066711965,51.615030484819755,2.9814872184358125,5.279289715662886,0
25.93227157384714,38.15123243754734,3.713911668020353,4.709839524958258,0
21.69106767615806,24.942521994358337,6.510122481654664,5.224578119833759,0
29.26216667398112,48.39944539742028,0.19222542457760716,4.454171387628181,0
21.037396307836495,56.857017540349716,3.529643697243535,8.170129373385983,0
24.426317792665504,33.53757675853406,6.422314167821602,7.926808684100113,0
27.524936394902287,35.21445733282282,1.1436683471254834,5.388212726433185,0
29.328775970850607,45.15660630083394,1.3499061422798153,5.1114451716934015,0
18.998517964721117,56.21873747785051,6.221981303485058,8.074287913292121,0
23.327493820795258,34.80165854274774,13.129139137244543,4.007973780944302,0
22.62527344419522,26.67550219001795,17.942561689145677,6.70259887596106,0
21.73335383713144,46.31418606272406,7.903497242663812,8.122016924255517,0
33.82727120140548,47.99068073142299,6.438790116943559,6.288508700078587,0
27.024908554804778,40.06131450435227,4.849638874846238,4.013351318198352,0
18.695580228324772,34.418667403425495,2.1436840631261007,4.9849214322332,1
29.58930973527388,49.94378730992047,1.5848238474598053,8.150987172513704,0
53.416171477594744,45.28036004547964,15.69719494607341,4.076600908809231,0
30.162326302755734,32.31564483096507,6.25500928821542,5.776508947284406,0
17.403150170229935,40.490947313056715,15.621738907028615,7.553851268498402,0
22.578829635668743,100.0,12.176763907043657,7.7714094715825155,0
31.334555745933113,46.8589045643792,2.1554240633100448,6.149235696829015,0
21.461652671906094,37.37766430617144,7.139771543868018,5.046176882797837,0
27.219097140731144,35.64289167615263,5.8701689601105205,6.698671229587715,0
28.873170267146683,39.67125514847566,5.514280349150097,5.187001142007857,0
20.365347642109583,40.40307699330248,7.8213370513281975,5.148689160981624,0
24.702373219691,48.9493006156556,40.21943963861946,7.634198935286559,0
13.190494949481954,45.910905313252215,16.761152400992064,4.694196258834759,1
19.878061793328552,38.435907212071974,23.404160612463567,4.024846652808959,0
35.6057388645513,47.636681497189954,0.30087712761375196,5.515488476526321,0
18.761084090175753,44.00737253691613,1.512140904209275,6.209382797477635,0
33.16205651965818,35.73400363713963,0.8857295222244137,7.172861763528957,0
17.849293110196836,38.75281841763514,3.0548087563394506,7.515018659219299,0
22.799777566515083,38.51777111156879,5.832036684322434,6.985836450101336,0
38.480554329645685,45.05261343174202,10.273710401127676,6.81928996142617,0
32.20636644533058,36.32977385278358,6.94811096674095,6.995869250437458,1
17.8206892441028,36.09590813578367,23.34942130251332,5.221869329114946,0
30.815818760774796,59.687573094339584,28.110129086985864,5.720625953340555,0
25.051165305097935,49.39735481747104,1.785538051300795,6.77396425449804,0
20.092456744760245,32.393993355748606,19.167304884395474,4.295067971592878,0
27.310517371316354,45.70940993942198,6.572438947838242,5.32896407530535,0
25.99529847786735,41.18350065655177,6.039089821936359,5.828885251409439,0
21.998915614206027,43.915511752600935,15.368351905654418,6.400483072842712,1
25.349010424950094,41.373413245651044,0.9776775712451796,6.189169483124325,1
23.0734320156912,51.89642645485236,21.41258457058583,7.231593451692971,0
25.56758672625624,43.45620344651446,11.112822787232354,6.130420039374075,0
28.310653372605234,100.0,20.815365960383833,8.06858492721245,0
32.93008408072676,50.421905769830175,51.9893869386412,5.7114325396858785,0
18.810922505865754,42.33285041087872,7.298204022299127,6.364172677792704,0
35.665166873281336,41.21478579329058,0.9790195324920516,4.01444675320912,0
15.239561002387491,43.14022602486114,1.8215020699223423,5.397150804007852,0
24.241074524822082,39.06390976633634,3.9099763238987597,7.899578397912965,0
27.941586032422883,40.09226992995469,1.0931604193025692,5.501093775683312,0
26.404959338675162,34.133054112381274,16.892488718762525,5.139338499996079,1
21.88650240089703,32.48832780376121,3.5221042622097736,6.445916330989997,0
23.959388748213623,100.0,37.24970491442126,4.354285442989326,1
22.534995326705836,26.08016713202924,12.126484354580192,6.392223092426796,0
22.053176215278942,31.202826386154435,1.904711187548447,5.3664960920898475,0
29.248010485105123,38.25732965533074,6.463449852708166,5.723963004434744,0
26.785077429825236,41.03117582445637,6.290166582050363,7.561142519517151,0
32.30317803554509,37.28703436852359,6.782815404160352,6.978838083763533,0
29.497999377166252,16.44296509872642,7.672053676454409,6.0074774190572935,0
26.536497604383047,55.745863577623425,0.31669302568679736,6.598823408882227,0
29.0643105941948,50.864801228903815,11.593217523913172,7.4508643989410315,0
28.14814420961806,44.45759851217129,6.6785333467520855,7.356026853382847,0
20.855024945389637,59.074906725532685,15.652554850679927,4.833947697480303,0
22.199094799015153,100.0,16.892908266135606,5.3541364989964215,1
28.736468025616308,58.87625120626005,2.6205996935917666,5.567066189347114,0
28.051851327167324,100.0,0.49634614365274143,4.84394030502252,0
24.89549203017926,42.38737925291357,12.148108446547493,4.0547265430283685,1
25.58663691654391,27.261626748657957,38.059881980304446,4.782852709549655,1
31.388324478942124,100.0,5.917789995207099,7.6370994718666925,0
22.04214305582085,43.861664979983885,3.005819993422299,6.45664203126612,0
27.735486905850188,38.453096688654455,1.7039918505874239,5.5374611214423135,0
23.98903673783053,47.13877444090137,3.388990152146612,6.737550005332592,0
23.9115939838639,40.990144494872574,3.973772304032259,7.329253564060563,0
30.49388425993595,34.775852716224904,5.514301826119297,5.594925023593882,0
29.12708174494015,100.0,10.65391626067093,6.097336786907385,0
29.067548180003193,48.109137726156966,3.190531128221767,4.28895947501552,0
31.527394035771646,33.46257970193032,0.5232199539133229,6.686907412956156,0
25.105019208163796,49.15402970484937,4.67253193680166,5.603831929984831,0
28.40976485647482,52.22711792831931,19.353731716134345,5.950856414203544,1
23.44866621703272,23.3128613765387,6.8985562537999385,5.901702780761161,0
26.62083176244221,51.32926387301035,33.46247875115883,6.845841799341443,0
24.349284728161578,60.60422698444699,7.004166010660585,6.576094070295164,0
25.48497982496359,42.52003761201929,3.2282414072852244,5.8994772149945565,0
27.97578512718457,45.99084185294822,2.148207784296271,4.0762975967082795,0
20.908896583832636,50.370053243691586,11.858856894630467,6.794331765841207,1
35.4619363784273,37.24517684820978,7.68692801155769,7.958098633154472,0
19.96991309250149,100.0,9.26338363174348,7.462982072172539,0
18.92905693606134,26.858004703768906,14.070147098768754,8.41727034512537,0
30.790554367500338,41.38635028530451,12.942749144431343,4.62583902109321,1
43.43747020472202,44.98111995644541,0.4433158360485237,5.0013402375453415,0
28.120599085260775,45.161630229264695,16.223808383764244,6.426703593498906,1
28.1417275463214,50.6542472359758,7.607909062357681,5.0614676605471285,1
24.938766135765427,32.25197821864471,4.971011217794152,4.155474015767604,0
20.51372814257084,100.0,7.7115072565357075,5.810297242737757,0
25.37902279096863,58.95507345991355,9.479141437337336,5.294401303692921,0
21.61419144243944,38.4967162623629,1.6193828619055173,5.186923805464973,0
29.875598667088756,42.00033787312328,5.402808600144083,8.28927767660912,0
24.264713092489306,39.32989958274779,4.088501461726896,5.073043523194523,0
20.872514016037442,31.783191736949775,4.314122599616745,4.58244657034329,0
23.393070791735035,56.23529210891806,0.9577872180102396,4.56393666058533,0
27.06465727137812,34.72298588079394,1.7416708069165332,7.628458330698381,0
22.181377235980126,28.7271447629307,1.7653680190163206,7.216816335370331,0
20.888898022167844,35.492597226972485,4.671672447447444,4.58268788005178,1
26.218436057459563,19.982939982744664,22.48964185910419,4.988889034873538,1
26.224832855543614,33.487125350168185,2.307062917812933,7.363043537995886,0
22.46528412314435,30.318714021476733,5.381839869254001,5.235773790255763,0
22.644808471908387,46.17428630927324,3.7339889181431305,8.416939338208085,0
26.16024968678818,33.265857604401276,15.482643239219911,6.432565299794089,1
17.75957829251338,48.87803935578849,0.5142638989785571,4.864035866845397,0
17.962681128117225,53.98483993069321,2.188321033973371,7.864638045307299,0
21.40777889373782,100.0,2.36534742365907,5.437639956537558,0
23.932764241440765,37.84611711139923,49.56544959710163,5.2996330977897,0
26.554537827990025,41.41114496705593,8.457740638764045,5.473485550531743,0
32.37678108474776,24.750150598559404,1.4961230230704226,7.4568876170036695,0
29.288298116010097,38.6622062747876,3.1772781116746653,4.779458273721767,0
24.200307350182864,31.395615319331668,1.8370903183995138,5.718036011174221,0
24.904918960486555,46.94326381149299,1.3307957427489068,4.138747477529847,0
19.987353176810956,65.72752389244474,15.954463938733074,7.719819778073235,1
24.90743432003805,44.998216359738095,6.846883151715274,5.533234448381524,0
35.335060208098966,20.088598510453334,9.975282737099336,5.1167781391376845,0
26.613592801690448,36.387698070856274,4.0234684543458785,6.609519590689747,0
20.863845282238387,41.22490925374455,8.067528970273552,7.172463476881189,1
27.596732571205862,40.87357425260264,2.9782538572343693,7.658032167323244,0
32.66369456501289,32.691868743912465,3.6822174515498984,5.565032254745805,0
24.456199257715713,42.45291742636935,10.56236781250325,7.655353825670813,0
27.008558610494706,27.574991630806128,1.6293092720332847,6.091964501671562,0
28.450719958555563,30.550912773149328,9.602997243970725,4.455140203953512,0
22.993897640570818,46.45797641603711,19.1213086265022,7.808383672221007,0
26.120462409052084,29.843367691201742,1.283144260398468,6.464356519470765,0
25.062962003908975,45.38211605492257,22.775148011966554,6.711113073763235,0
25.48838049274416,26.30536225343942,0.8277926896795519,8.218710713626308,0
21.13495108072267,57.64825883791736,4.291062101742043,6.516181682226648,0
25.122550871294713,100.0,9.429153298443442,4.02512588805095,0
27.489991456227248,37.763334281965555,8.196513452171052,7.917771284513962,0
48.38357705846282,43.30613261090406,1.0135861450618917,5.281379861455569,0
29.796354130426035,34.34650047498906,16.040184631432485,6.257951143528016,1
35.76591228755778,41.43405961071304,36.176121152794416,4.921989711526391,0
21.163262185559752,45.75356724520125,1.9994997535678916,5.336426058047381,1
29.361603183603393,49.60613232503485,22.55043038965967,7.089919816301652,0
25.91671002869176,47.91497435972957,8.137554481797743,5.933080079670613,0
35.94901466608836,100.0,27.478379063922652,6.822087837616242,0
20.958508573224243,38.533682259563975,1.9368907298115818,7.706090610908279,0
20.801390789096118,63.49108558025033,15.703200563945872,5.533699099838554,1
22.00303677277989,49.49889068249292,0.6164306416349219,6.557530172467184,0
14.380521378450965,100.0,21.47261787841192,7.499145520179113,0
22.371224891596196,40.99988163765552,11.213470423794767,7.2180543674621855,0
21.20433669223151,36.64856861221808,4.624399603204389,6.429295461918329,0
25.75196893238104,38.6466576607689,2.112975227609062,5.725225798273097,1
26.708779878885796,27.70504842291912,16.957210014200392,5.833758915548579,1
34.38085419607943,35.88076765614047,9.244270455736757,5.949108453983195,0
29.75211919093025,58.115557731939134,4.469370840518375,5.569804880257683,0
22.115481721687985,45.79076300875503,5.866917491856928,7.145840357003641,1
20.50792664325821,15.0883859184854,17.518235661477807,4.564368635223234,0
27.459595857532527,52.16723492497947,4.138912989886371,8.353543543227746,0
18.398833964896788,50.89629522909161,0.939071104875097,7.505434758871931,0
34.157293829271765,36.40714695693583,24.22294420048063,5.341733734750482,0
30.897200603606436,47.17263543783215,4.899512501748965,4.19146406171786,0
22.654121739476476,31.406007891827993,4.283052359480714,7.200864275705168,0
16.434327354545612,35.297442837336426,2.2865825296264,7.3046157023642495,0
47.6540428062406,54.98546360669854,22.771373629263643,8.336301747374094,0
24.42730077373691,37.282699601302916,2.4526817280554343,5.141675009088242,0
31.189081559867308,21.30268338045009,10.12451660466432,4.3722629059190075,0
17.027861706028165,39.366967772186634,21.266590406437842,8.118106409732947,1
22.003124885231134,39.214116070856434,0.3553766310380835,5.163920655757488,0
25.026218498590914,100.0,17.64874366098852,7.246891512957468,0
25.23490296882371,40.1433642217576,5.286492274943862,4.27296837022455,0
22.74967264260378,35.78417688559707,10.728702033529219,7.4226316223927515,0
28.114249661737492,50.45056145231206,4.658595290635773,4.571616537117132,0
19.661897853087027,41.207902325011105,11.891375802770074,7.130138566187215,0
24.288102574893532,32.49977318434283,2.9342508476635554,6.395543715340322,0
25.601478158559495,51.54997560541618,0.22174591464413562,8.299696587102673,0
27.572194170293745,41.93661764516799,29.5243363238519,4.166129393848044,0
28.55807439044445,40.029259666794374,0.16503195732731676,5.314219356100262,0
19.376789540810655,41.77908391411654,17.3783558877894,4.312790128004097,0
17.32942914632189,29.29331628583403,1.8529107343448634,7.956389358578735,0
31.388384109492545,34.72346223821663,4.979426807282305,6.672555191474984,1
39.99235508984694,40.03582601832783,17.28741721727302,6.407363255610545,1
21.25756731721723,38.0533630497532,2.3058636837877984,4.591560514523394,0
32.75575987761262,52.72428382816595,20.077358079205375,6.200645157908729,1
25.578373171464293,42.174058527270034,6.88675073557779,5.794166448291169,0
30.896485920319133,48.54903922636402,4.5594840860400385,5.420883406625604,0
25.337592407050543,100.0,10.860053315645615,7.474850299743674,0
35.303739624409936,50.562884837461226,4.1762330330218,4.275742179250502,0
33.77670421221602,43.97527756573154,4.266198383481131,6.910085773129908,0
23.75517925760463,40.134204853884604,13.224800681909066,7.7034686404099535,0
29.85785475477178,39.867169110409804,3.708205581058204,8.08288277287146,1
28.226879747925736,30.455613737090367,2.2410982845266414,7.3566246763993455,0
31.843157787661745,45.069157201363105,16.48418519997211,5.27105055486197,0
20.17538269709948,39.59795265463621,16.366602699847924,6.702283572356665,0
42.645385949988295,34.98008039818795,6.883302082355388,4.636316249114599,0
30.29212243424794,51.064617708120714,7.479320711928552,4.526772806851492,0
16.20630256788443,27.49783974105199,11.909796677941642,6.873808639623316,0
19.083707436671126,35.775041045675664,7.118699463118945,7.829984445628913,0
14.803839111199498,50.27718748779533,5.396366352366088,4.302616565648285,0
23.652965827777212,43.15522940920253,52.77376817664738,4.4770167945998445,1
28.58771127897981,39.52141072347243,1.5974680814681232,6.5452328834321065,0
32.51178526048014,42.510035431501464,8.982739611137108,4.981953374587031,0
25.370473902098876,41.79414171048841,21.70356026189806,6.753181552499415,0
33.14307772785646,24.833374537140784,11.622393570845059,4.965447213649029,0
18.099492708925542,36.50738114652039,21.27987448023842,4.524168884377268,0
16.483087803224226,56.16521654513749,4.099773535249585,6.455087419741723,1
24.722261505516904,33.406758652228326,3.174445828378158,7.879878121146785,0
26.920327244696537,36.81698985895666,19.056387460649034,7.0830488746773845,0
24.836526259529535,100.0,5.010643804017063,7.684263118911841,0
14.662789499800617,39.12984776681863,12.367795178223123,5.198508284755217,0
24.55439980243606,34.16877168675702,1.598736999269288,7.986903930836616,0
18.477652497475734,44.8674150215806,14.09923853067693,5.6966762855932185,0
28.348362744150194,41.973134122902664,7.962494679908248,7.836014505356471,0
26.83299123048424,47.73547615107018,3.1281068795524005,6.1202901556692675,0
20.300601068363225,29.490588338110395,6.82215082211912,5.205359413122233,0
22.430665413316532,36.59659517117097,11.938364374442312,5.171164739620568,0
19.70393239055524,37.74277368387865,0.11957617040662152,6.554505479640937,0
24.68660451363414,44.55646910088595,10.146399365791549,4.355546215930806,1
29.775711602506192,32.06778802792965,7.799929965790567,8.185252875648288,0
20.07136976832228,49.15653804258344,2.488283083426461,5.221585730643411,0
27.520232577589223,100.0,13.982903217114453,5.510311680306349,0
22.348711908137794,30.11127652364416,3.6163147101124866,5.049856991835547,0
21.03563583868828,35.09127105106434,3.241537261452272,4.013535822523246,0
24.464848200227213,34.68068491707908,6.371796903646283,7.11647606563959,0
19.82378838790313,66.32386204677499,11.274738403704239,6.6574880546540065,0
22.23175347326409,35.700998947921136,26.429083977357898,7.64340043088702,0
19.010610537055758,56.77625442156135,1.5240232607623247,4.184548480529412,0
34.82362566458195,27.333680048933903,5.049564158988968,8.178950401299941,1
25.176317759858645,30.103490338356366,0.6933892333380345,5.488991230271645,0
21.50137246003707,33.13395468151799,14.210959624294093,8.108814381276073,0
26.06989955367111,31.543106885534776,5.937234542399351,4.482091669303928,0
24.43835975154585,37.321012658415015,12.273408397823562,7.347642616613385,0
23.895152002333884,32.912217972785015,3.888947931925192,6.60711204144547,0
28.070833500217127,31.806584072654264,18.59934941060654,5.611860468636628,1
28.787538550236526,51.584719964733274,7.653482175111293,4.356140781698587,0
22.34749426194736,52.23793622513165,28.75424814912332,6.721314294310332,0
22.1209087967766,100.0,0.8209400254706324,4.118979473832609,0
23.62474151424178,45.23998955584328,7.221164151873084,6.255769446157034,1
13.490394176322075,40.927430657795526,14.543815542760123,6.718938591071447,1
17.42404468900724,35.02969309334091,9.16672424893705,7.296356862793849,0
31.834371337222624,30.46842495244908,0.2346735745961605,8.461005854011805,0
33.22483856750642,43.62995703432687,35.87720171670166,5.170421710784942,0
23.75481980221811,28.26369607453202,3.541975766856314,5.450754196180638,0
27.882784815278832,30.060790708246067,2.8671969084472773,5.535154060640464,0
26.556250772717682,51.5291325620481,6.648705117577517,7.292122203364758,0
40.39440404227619,59.006490417220874,7.812313674007298,8.193186707152513,0
30.597874557172883,43.93295138166481,14.53666279589135,8.384456873117013,0
24.360412042596167,51.064571522946444,4.996774259209006,8.256151149511581,0
20.22229779699787,37.541516825560166,5.797477414385741,7.957223534718596,0
16.96776839871214,26.62325813912316,7.6563167481714824,8.459398182192839,0
26.017318179336115,46.12171618618584,5.015142754702535,5.691755770755236,0
31.827369410367723,45.69289323270064,24.598013898739765,8.267445939994179,0
26.833097178017447,40.716685538802444,19.055014557144,7.424589830781603,0
21.767135578787368,37.576245418948886,6.069212195715048,4.758069367875902,0
29.388389972892035,49.62210578581098,0.0019488132544914346,4.20459334544741,0
33.43570817536282,30.142669665725258,23.119739863284913,4.96517781041645,0
29.408198784747253,32.26219421109342,1.3277347813081999,7.504380059294318,0
24.960136793416915,29.91893493239572,2.803919304871552,6.842635965516479,0
48.599581041675194,40.849729626358275,1.6530077685601328,5.0096031580600835,0
25.38684153823809,29.121069878907416,1.9822604935605979,7.338646545121117,0
20.69357899335868,33.15757819484757,16.239301083022163,4.635950077471914,0
32.61562038634828,100.0,8.663142280314306,7.698286272364125,0
27.694550218423295,37.39391667666042,31.257307855932854,7.573724391868295,0
19.81376922836772,25.126255535960233,2.6325422638697793,8.376591868177218,0
24.04830660958196,40.87204992037267,6.64821970202881,4.676258040831931,0
20.621908733076214,52.47303650664678,37.9106143034997,8.079758474865702,0
18.086001345178317,41.35491372316762,17.51252166440723,5.534961986748273,0
29.630887737658206,55.41321144801321,13.04219304512134,5.872269391578902,0
34.54708320235065,53.33998185876925,2.094566474930231,6.108002782990463,0
18.007162130904295,47.777350472478545,14.670940925390463,6.821068239411501,0
27.814846183452854,40.74685842636886,4.270439495108151,8.476435165531193,0
21.746787154390866,40.225003882454395,7.5616557138103015,6.699814613748549,0
22.56437308117652,47.6379977236326,9.394601135837723,8.170221392681832,0
22.038030378805654,36.083293904959675,9.39978360411115,5.147626909381254,0
20.68004615160092,21.174792485325362,12.965394813276331,5.792852478168173,0
25.242608139724133,44.9200405410296,10.838283889734166,6.270247882473614,0
20.84524941794481,28.68931370065029,0.7082048266980333,5.453058954040018,0
26.352284128899193,30.378587718096153,6.112852534990453,8.395901963339487,0
24.748809452754315,40.00223947995788,10.907084268008578,7.2655759925375225,0
23.80525976566795,39.0487512244653,3.5096695435919,6.15496608482152,0
20.46218168979201,25.879243936843697,3.755035043074834,7.380871155444073,0
22.116143347158335,41.6549156413314,1.3303728357892295,6.103491245871931,0
28.77695612912878,49.66139660861049,5.423420668601056,4.077513973155667,0
27.504585938121902,28.716584297342173,43.29846740701197,6.4443703351465125,1
20.112223776007244,100.0,3.3591949521414657,6.8133334844254065,0
25.49666152714613,24.398291748700558,7.580844855982568,8.415433384233527,0
28.756935616858947,100.0,13.596027830284385,4.183567817172779,0
16.652973594393142,35.88739569516517,0.13589187060314106,6.304436308548102,1
27.716800961899676,41.45616996826891,23.06990378012205,4.441696405187628,0
21.686881205270765,21.0796642751433,4.886568188696764,4.670481557069322,0
27.852993342965796,39.378639335306914,20.334437427147453,6.7470850253581425,0
31.775556325931127,42.28482177718192,0.39726406249942087,5.042054705199238,0
15.975589496677404,39.13837895900505,1.5743019540559111,7.3712835008276105,0
25.293431715876277,34.36918922947626,3.893892024169867,6.3138941166787275,0
25.24042473330691,30.53435481472185,4.238252890173354,4.981957983245818,0
26.29861250860741,51.30526619537311,18.825218778229512,6.222062549204793,0
20.478416874477958,40.3080713499795,0.11264320301429474,4.003967771086543,0
28.19296229388687,55.407523765167724,10.247442940436564,7.882330196460284,0
16.6923996886552,34.73517645205077,1.4077175366833814,4.057052696750933,0
24.66960100676342,35.65205306627783,17.328246548182285,4.031544516214821,0
18.944919001187717,48.15594244596163,15.076635160330284,6.751767744308411,0
21.740819460989204,23.77025037996436,6.929892478543728,8.380844166055372,0
25.23699335658207,27.86536639847077,2.391296832309528,7.851700679592904,0
20.69793317358024,100.0,10.064763896544557,5.134085106652533,0
23.077222278850872,28.280660707768053,1.6990889480860458,4.885000650164586,0
30.0314640460722,21.80948984697452,2.107504053182415,6.817504812850549,0
22.115540652384254,58.68527188073091,9.853458434016144,7.701869861599349,0
29.17846056032571,26.061823521257946,47.362413034159374,5.629354019050134,1
19.351465726711908,41.8411939832817,22.169656925026835,5.945595656651841,0
27.649020889576413,40.69085192724271,8.992059064276747,4.51970281154988,0
32.207843103289505,11.893716833819163,7.733529005153466,4.687718895649116,0
12.641777499363553,37.326829768321915,64.28346026682702,6.557582177617094,0
21.015523722647615,44.4841324947911,7.927402436237997,4.461952655867966,0
27.8853606359027,43.543093815188605,5.44928095554842,4.909207561581555,0
23.984773069785035,49.035206838035016,24.030192716156836,5.056046608053478,1
26.855729366856544,36.12508685094566,2.6681373331881626,5.997660399461337,0
21.980074066420897,47.125044420921604,1.026153873025824,4.205253838556363,0
25.4329489373645,33.10670931919928,10.053679713667591,6.248969372618223,0
24.221613823039604,25.89532583587225,1.0075959809537576,8.179034828773368,0
30.838910308299035,27.022716243187674,4.670456674561044,4.110086475035827,0
39.4081563247591,25.378895448045853,5.509141817293148,6.839431893433594,1
26.68801331037601,50.095859678911935,7.930516454566064,7.76129064318194,0
22.940615169387662,24.854264909414432,47.86637597423554,5.4060737914712975,1
22.561968879637533,42.74038840649303,2.4972077168337634,4.591833452586512,0
22.837209060901895,37.34075805927567,4.7121456774696355,4.195029044241684,0
26.972260711891483,38.973514265493684,1.4184024362007785,6.897563767461111,0
22.895077595898684,53.636072951996994,9.355080218983737,6.485054711030807,0
26.448874284482066,100.0,13.007523983194197,5.031827447763989,0
35.37700399322719,46.116015615496835,6.579283551264562,7.742277884342866,0
29.355623517158463,40.37563351381112,2.821391539008704,7.309778584685546,0
23.369882339160796,38.47981094367302,9.699243130761557,5.243929532440524,0
31.006069610819722,62.99969124386473,7.746994276475263,7.390133602890852,0
22.959623134892244,25.5865825428463,1.8775918200235033,5.102473960753477,1
14.80937732411073,52.89131835437445,5.203405819195275,7.038703578398624,0
19.95956844541298,46.56406565489972,5.712784434452489,4.533452684832458,1
15.646040394870722,35.20475005368216,40.52305925345933,7.115077584999432,0
23.24243257979346,56.293185174416124,18.923701642021413,5.074484885420171,1
25.092091895947757,21.518898876114633,13.256538835179832,6.576112094087714,0
33.382186561376415,34.782333427009284,21.96218313316247,4.776087400833472,0
26.634636868820813,100.0,13.29855072252369,7.266851264055786,0
35.85674603393352,44.1208346487146,23.37195742148206,4.273958084768733,0
29.147027905917447,28.869358988128226,0.5609756896026985,4.744380040612235,1
13.944323454960575,44.33063946741319,6.089277477444835,4.828614159418764,0
26.178072790542828,38.13563584178446,13.739640339806773,4.186046136342993,0
28.854325969434832,100.0,8.753786532756248,7.352556322721106,0
17.607068771100792,43.8864724603331,1.925733240252566,8.414286271329697,0
30.718770216034645,37.31378376061936,4.162613076981741,7.502790047852571,1
26.69248203747207,29.113651569409612,3.823948474437148,7.87284382955078,0
22.923560430495993,68.01372989634979,3.029269042268883,4.0270344715222475,0
28.163909330531425,35.12832816970855,4.202776037238914,4.53041483698567,0
36.35346428902198,17.823909198479853,7.233039357696476,6.515591526826881,1
25.909331275292477,31.579013102786114,19.301186669143387,8.400409981573754,1
26.24110293150168,27.327233116272698,13.549223005001886,6.9732081897169165,0
22.70319550229878,48.26145616040516,18.03324309038061,5.683615121821349,1
20.75077815267604,43.21652659591586,21.507549139882233,4.657671874666566,0
43.72751862408184,43.987128017903444,5.381119596504198,4.687760624721928,0
20.719580870455665,36.29977534162756,4.24688117975908,5.632389410425527,0
25.357831186096963,37.206497529430784,0.5935027717800833,7.212145888048033,0
22.611712766174417,36.290688963923316,26.66307985136268,4.143186809612098,1
27.39489912873196,39.1880681586453,0.6808937041500753,7.834799161577373,0
26.66831052643474,48.35333435364835,13.514505795813696,8.236981460604126,0
30.187699721289498,43.36075412505346,4.749893243391434,7.999674072388741,0
33.6748770085894,45.00112829620867,29.716403193556616,8.108621092286018,0
23.650625323533145,44.995589082492025,5.440412399459972,4.069026757382187,0
20.106181421088465,48.844424373817375,16.961312564818392,8.400065421774531,0
34.16780054942916,42.88150041540255,3.3219814859157055,5.64860701700657,0
26.88650246522426,43.588480726789186,3.5537395807916505,7.911765032643286,1
28.78494308322676,51.888062411931564,9.051515285012403,4.8406399181482636,0
20.389173379111874,33.34954081996888,62.05962433857149,6.009365841980066,1
29.3480296005283,31.442574200484927,7.289244585436434,4.198739748807895,0
31.778189294024756,28.14078400813144,27.53706304768242,4.180341985792722,0
27.067174516118506,41.82914563620256,15.429473676508664,8.244742453463372,0
34.38397906279033,21.462677587808766,15.889703796543904,7.647729756380675,0
21.131054004482134,44.621540960596775,5.7263008873923384,6.38421719986207,0
18.776726483442914,38.90806905499447,4.886438846399696,6.36456178104042,1
16.106398755478608,51.346396998210565,2.130964529783331,7.3693957831428385,0
32.480221557445915,33.280826895350096,33.22606197255554,5.537509517067205,0
28.27182828177029,37.96681714582493,32.03829895779405,7.428411741378785,0
24.722076645447725,51.22203333293369,13.746335506454079,6.182537709969726,0
26.399843131599102,53.831356467781525,3.5133558067485673,6.870628313101593,0
19.372554763508116,33.1984763424818,2.8127535979029568,8.341732525464165,0
37.228759898084135,41.8178123258716,44.7504078243104,6.120920008841177,0
25.646105909876137,42.94418977684048,0.6886018219218405,5.882820968859026,0
25.546973973024464,43.73653405621148,18.55110165812993,8.075871282736113,0
28.62883311949346,37.37424340684378,4.3921529267874675,8.061612227123547,0
27.405046158683568,52.81383398123635,5.4278031271836085,8.465884158474292,1
26.119420121395656,21.102965163784546,17.836582652666515,6.478883496887391,1
21.04762772277344,35.78869765198916,0.9497355407501761,5.549176934619712,0
27.357341785679978,44.47930732772947,4.372184699488558,5.081755284299666,0
34.41012248237517,44.57224811949344,30.370601703873493,4.153433606282478,1
31.727100230774887,53.52759030614763,12.0086401751923,7.2702788089489845,0
32.965933133196984,51.98225393201287,14.062487923457368,5.05064278180951,0
22.443921617844076,37.144583746927765,14.16775428453736,6.729883983515458,0
20.051975898707095,52.99871243530605,0.624820591472915,8.12466564413978,0
24.37106539950176,32.859582562225455,2.271611024514726,8.275961233275371,0
25.278624561443472,49.308873827918376,6.758245987440866,4.0198456029113965,0
30.470957592354743,58.10522478420993,4.5910362270562315,5.426837641193604,0
16.537676851425903,52.14944106854969,5.2918019832263266,7.768201132593521,0
48.971627395954606,41.057703835241234,15.20728463352948,6.414003424081908,0
24.209960507105052,36.682212282278776,0.147880411449696,7.6337893006696875,0
34.29839197539435,24.71408703740714,10.802575511799626,7.839954772770721,0
19.93947812369916,43.10539637914204,0.0011023787779403877,5.991817989735953,1
16.725716640671152,28.84782772029081,0.6513445928810219,5.615423221111535,0
29.115852919809573,32.06865336386063,5.247320714668414,6.049449697227365,0
25.36658983594202,100.0,18.38527354353215,6.9375784118091985,0
18.55019550129473,35.39607667343345,1.5664885750145414,5.652216187990683,0
18.52460613968192,39.72030585513018,8.088305925090415,7.4874472991398875,0
23.32107650354936,42.73614581165705,11.347739930625735,8.067967571582601,0
33.34510762644696,33.994933645860364,2.6075830413619423,5.270400409714269,0
23.702043243181976,50.69283706395183,7.181168548310049,8.342453398784077,0
26.226427851614204,37.91794742010034,24.237056272125766,6.802263610263898,0
23.77128467957028,32.12277566734481,7.179082724943157,7.951759470488835,0
23.636382151261646,42.262922672434364,1.7117162312350953,4.467623958724475,0
11.515566785292142,59.63552833543816,9.883623468162462,5.1317461167530745,0
24.72852566741094,43.35160566535118,8.969788622555972,5.444585857446665,0
23.84532734895661,36.37144372626393,0.2732470229441914,5.36269968028531,0
42.72154773610064,24.72538643881296,0.9496408602401035,4.7733752046933935,0
34.244780474726724,37.8058767902793,1.705289894150884,7.906904263861746,0
30.632825147738785,42.349281250881155,1.4651714667405216,5.883754635802975,1
23.655556547225846,36.1241910874443,3.0038342157682596,8.334085956100546,0
19.467370456291647,23.346153617590005,6.0532922154361435,6.625625650555662,0
37.8667990162493,31.49434610496566,4.6476345958655605,4.622775860401884,0
25.29609217007244,54.545384608877576,22.13200538760603,6.456571194252807,1
25.06964645956473,54.34001003730461,9.470319621295703,8.470953164759091,0
24.879374564449982,31.13360830795402,20.88638504077988,6.543272591946737,0
25.990423803839274,46.72756787199422,7.487430333071464,4.008412053083032,0
24.278197940380288,28.214272152298264,0.9416834969877973,8.198859566156887,0
22.131689965598817,54.04316281994952,6.222926146925656,5.057024827576852,1
33.39855794069706,100.0,17.261545928376975,7.098380738810304,0
24.836233648920008,100.0,2.158002881471583,6.317860697299492,0
22.282876144331176,22.84906652817461,0.9564594279432405,5.464451905783988,0
21.435771086614178,46.776371019248884,3.996342481680923,5.271877856543749,0
25.532151138459483,39.92325936315496,4.924911171614344,8.17941938128197,0
23.725113912895722,48.519290707908425,3.6565467907230325,8.103666531639266,0
32.51996494291345,49.1486779809785,1.4530417568483318,6.309106780242006,0
11.745150958034941,40.65784689474749,2.888025128730704,5.163228379908126,0
30.45753425961231,33.991703609040854,11.465923555516188,4.46053914477399,0
31.230425962488145,47.796961821794945,4.876439346363202,4.704593722865885,0
14.633048837959253,39.398455005948726,10.011665125607347,6.35013276583272,1
23.286562029598258,31.272150464723573,7.685256392649867,5.3852348226055415,0
23.142795670021044,30.798477685423144,7.9640532964584265,4.189306640169805,0
17.962441526410892,100.0,2.8575001733658163,6.048253233899951,0
21.110916562045624,34.89708840436937,7.371890047731884,7.357851816089411,0
19.447120772670857,51.02692046074378,0.23877526573032015,8.012628021819943,0
33.761352217118116,41.778297997054345,5.6518280412345065,6.633778205573902,1
29.678391965737305,34.70232294076959,8.500883375929174,7.254814557291008,0
47.03666321245619,48.0485593818008,2.008875895258795,5.6383171188921954,0
28.608360320216175,31.675233782766114,2.9646520649283477,6.233071806476228,0
19.354741143913856,40.95350274332779,2.4786028333421473,7.283320854295131,0
22.37739866860113,38.20369627274485,0.7317082477629624,7.2744620231753245,0
27.44687280613959,47.79130625588352,4.2749190838862265,5.910368190562769,0
18.889360955540273,24.22771629080499,38.616039995865926,6.4465030370124525,0
28.56499215086194,31.498022541853445,4.367706630205547,8.157349027979363,0
23.798373009209325,23.617543409054665,6.171803776574354,6.843989222244551,0
34.68884394337802,37.4040327819073,10.586819743308544,6.891585815589654,0
28.554799841017456,52.1142750363243,10.455391699399549,7.53079131573412,0
27.2213165574302,34.94552790346473,29.936340766818667,4.518503033421878,0
23.1951691709046,34.893160618043495,19.488634886665103,6.352979312419274,0
30.79664901682124,48.717244241841364,15.796397558553931,8.317442813219419,0
19.594683362000513,50.685495584552996,30.288181396118755,5.627471764792445,0
28.07967803472132,39.1142893273121,2.6235926560810845,5.32716765889941,0
27.96550628984192,46.84714854049892,9.598618001316018,6.705435845221409,0
35.17840170514507,29.230454591220536,21.821102765183067,4.9950374105438655,0
26.63066511121059,53.77974333925414,9.785336453446737,6.501753204356421,0
18.744432118073483,61.48706293937052,37.90711739386283,4.700434048859383,0
29.620135096034506,45.212157911887246,1.0575249681282342,6.609070573140575,0
24.075489317785056,19.156683786571996,5.78623678604295,6.710706326403299,0
22.386384897404803,34.417697376022154,37.88165475090611,5.882802155555183,1
30.245046129184445,46.12825321669321,4.773393154323299,5.722358914474098,0
21.478281547286205,35.785170028336374,13.453688523387504,5.1045622528020225,0
17.957693518182204,52.721985542500974,0.3087465570812382,5.4891503852511745,0
17.216854132380483,45.881572644358656,11.869095945364682,6.242556852361135,0
28.030049756728197,32.935244992342035,27.27641858326091,5.114465054630955,0
18.597853237518585,40.32264810771253,4.824103313772002,7.522755085173381,0
33.77397090992182,31.061667793609097,0.21529952950018777,7.190658585965973,0
14.59035296058139,38.17415121587558,0.28306684994972525,5.21187640215698,1
33.48228184145019,34.45406759567448,22.258398687659056,4.438458233956966,0
26.05508733601309,51.747618002330384,12.819923910703748,4.000810175427833,0
24.516434440648037,61.16012056830995,1.1281756628435744,6.685234835716701,0
22.275404565955252,25.68811666764248,0.5613687619439303,4.95113685904142,0
26.995680571760353,20.76783713790248,16.338605500003403,4.056621115456926,0
24.81182648787576,37.54827578148614,16.59997964159026,5.6158837176641025,1
30.516509410082605,24.815843011713174,1.2842654716747695,8.32899308042845,0
25.571138243310198,40.46211603670917,3.588493117191243,7.104742634334178,0
25.75150880730939,47.489361138059266,15.14246214984394,7.859936663151061,0
23.18193893893072,54.94141897266825,7.453083692567381,4.651325942173285,0
24.715271881394663,42.01394558715281,31.3694706748894,4.329796695787464,0
26.539008844460295,38.06844775150421,6.559721070437616,4.051883935793751,0
16.449158036716874,20.216150834269158,11.29972739982544,8.300480305087692,1
18.259072889471433,40.26185149185798,7.129078748481578,5.350912309090968,0
28.716320470113576,40.71287260549462,28.640988554324018,6.067772240533861,1
25.854327190639708,46.38956814212745,5.0859327076711445,5.775356306207986,0
24.080083318236603,32.91511898470909,2.611004551432105,7.287056209267867,0
25.092169665326967,35.6494739976414,3.95466056086931,5.394841968787344,0
26.737908526808354,25.219977446958158,19.15794636908988,6.409537971763232,1
22.301201598453193,17.087071931159347,6.890327833366849,8.480120192299605,0
21.108476372988438,28.915029092032167,4.373464141859743,5.998285981049063,0
25.979226275488408,24.296741857469833,7.858328553732775,6.4807219331489,0
20.10813611192484,43.36712295420611,1.429812822616995,6.26137628039877,0
27.041263778572358,34.818659433331426,0.05373717216003112,7.614337711612145,0
16.4870819788108,34.61762869925211,3.2931645755732952,5.200778443151087,0
30.14577818662822,30.155869538247877,9.288839946505224,4.766971072642586,0
27.362987412065216,7.674345674875667,12.436869740350225,7.393419212191879,0
26.28014867156938,55.0831074874755,17.522174597265504,5.8702818386589435,1
29.91345491972757,100.0,26.12697650301953,8.111767040395092,0
33.32737222231288,35.87579930150093,5.312194156056069,6.89871678607029,1
30.07185032509065,25.451078347106893,13.490633166508161,6.539544002702842,0
15.795628843341774,49.71930343440634,0.7760801499249405,4.317056746716447,1
18.602115166321493,41.43428937037324,0.5925118910241655,7.286853573120091,0
21.875907111521606,31.736347147341313,1.3330055296851095,7.087181644808312,0
25.13045525105417,36.07770388655976,5.952387388557283,6.880323660192197,0
27.588295102345615,56.781799221248704,2.3734572455658975,5.205592856068107,0
21.371280934232672,39.27030568118722,3.381685933339684,8.260326947535,0
25.93383382238539,38.18266462384094,10.437837451542432,5.44744807164769,0
21.22308533823339,30.586185138607348,4.4398066887228,4.685039305392705,0
21.942410985040258,21.05418849527697,8.150245916088828,8.442405197207563,0
17.96669451575889,38.39961326420656,5.317152280598848,7.358108256056957,0
20.38383376944548,43.254851123246176,1.8508848784333363,5.866540970467816,0
18.24157697191833,50.9958446432767,0.7690263231832218,8.211623938999182,0
20.120633735113337,17.515034655003447,2.6949054006301845,4.410028184647888,0
30.268208983039198,28.74903672976971,0.5943208200901189,4.39447547391951,0
20.253005555840286,34.1925890944355,9.63937944172738,7.071029583828635,0
38.161910324186955,39.96519151426798,15.882519358681597,4.800874217704796,0
27.466589504404446,38.549663084715775,4.151227456798527,8.127127818369779,0
25.92418061847437,38.7831131431273,4.895715264282327,7.781616284344919,1
31.062316648640902,44.080960585699444,16.938584454293505,5.378652508455339,1
28.501549397044958,30.967068892208907,2.518168703926697,7.9997781202121665,0
22.12181086881113,49.341414422336946,1.2687958241461716,4.192994591532978,0
25.610049073226808,44.33452441699481,6.953859193287269,6.468870337318723,0
37.800422691343975,36.8016773587192,10.389957122643839,8.21003248168975,0
24.51970050137675,56.00907991888916,9.154271674694499,7.849223405210642,0
30.74636663142838,55.56416035571767,12.513196690129725,5.602329957104478,1
21.48411787437056,49.328953551938085,0.5842517343616904,4.822916958555857,0
24.82505754751519,9.814432294322074,5.589688195917347,4.947432647816851,0
33.85400317817755,55.78945092717976,2.7255772281444823,6.315285451352824,0
21.865164711061162,47.94758522471934,14.234616237579996,6.685478247264133,0
34.062242789984644,60.06408637712937,20.61448268398234,4.147664424806364,0
28.538759677277376,100.0,3.3036098554313167,5.860982016556997,0
22.18766612052866,55.78342677497285,1.0006133566788353,7.73674202039757,0
28.162038695277605,48.78654850180379,2.922631656426023,5.999480276061087,0
44.79415837220047,53.48693198645512,1.0982434044820468,4.761289259272347,0
28.10904981108598,59.9412374073444,3.8923084886155657,8.296871318585936,0
17.148876400547717,42.165547383782055,7.726203035082861,5.1982399296691,0
21.364314120875658,24.277694559218702,36.37462434512511,7.592927195353273,0
23.762406822242475,36.92539099984858,5.097765981047918,4.872073748525207,0
24.62783285449977,43.899455993834366,2.485125450374687,5.904277281497155,0
42.15504073163009,40.74887584371558,1.824836583767084,6.2069014289866535,0
25.888505004666268,27.534380338405736,1.8999866992553194,6.2528588317671,0
18.323278206449494,23.68932374805021,2.1393320118601524,6.324132406453172,0
26.900989255029817,32.58837331365171,14.36607178594997,5.0122639331039265,0
28.052928726419115,48.07739555984151,0.6296931185197095,6.321619848823758,0
27.7989522396552,55.803397708229696,59.5328550824523,6.167707392449894,1
30.403903627773108,49.16567613777701,7.395815432591313,4.939237737068185,0
29.16961077274452,50.57427287114136,7.858589067327345,8.446862017766698,0
40.94385059421327,100.0,4.424878892560191,7.895035267539475,0
24.649171442706766,100.0,11.720070610023,7.994093579601174,0
16.69519533242004,35.447794191172946,6.376298675867497,7.085069726723027,0
40.722136643494395,37.41235588127621,3.9907747995891105,4.7195366381129045,0
26.038438435815557,35.02947513164318,3.0807310186547743,6.55641428754887,1
26.357894185976868,40.54694865374626,25.98987839338324,7.696478342323237,1
18.616257120898453,44.414197598929505,3.4388496419887704,4.174314199098982,0
19.594717297958688,48.53015188243498,5.733985391814405,6.231293964794289,0
30.26576426666452,37.21880135633666,4.313082881014986,5.7825529599771315,0
24.802224230716725,20.962405943554067,0.9012038031183482,4.954561283466866,1
28.40750348686312,35.171222807088654,2.0571431976818557,5.7021250169439295,0
25.141591880652307,40.43710396991984,2.1010637497949585,8.425738798912537,0
25.148780697478728,52.228079221334085,11.830254546628963,7.254594968627999,0
29.691419029879988,34.32192157815895,5.218619842450147,5.347916860067237,0
22.41977635891313,45.12543628399402,15.231114340078067,6.724097731663733,0
25.480603884704916,42.90087899635432,12.342633811297928,5.109953081285559,0
22.688623556474788,40.439005331233886,2.132548144322154,6.748797590609232,0
22.82751886283842,49.305333193245914,8.27631987814304,8.032750102682193,0
35.1812090739852,33.39158803247419,13.583245723376345,6.5059455997414855,0
39.16600328725285,100.0,10.025103954671694,7.300029889537072,0
22.606256891682612,39.88099176905772,9.163320029457463,6.040025494223336,0
31.278780627867604,33.598534949063,13.455781798166056,6.358557629487985,0
20.52696348890248,45.080122910545995,0.5845650933166728,7.127837854396954,0
24.065641779193204,32.86807695633867,13.146137084378376,7.655822522731288,0
22.801344708629124,42.263042077451345,3.183547228559784,6.967531239364524,0
32.23488942176866,38.998272312132436,8.48333657161343,8.39871397250542,0
25.982773882557872,42.14925964776706,2.7747434198485137,7.689201645092273,0
30.159222697343175,35.40258604936961,18.252184635787728,7.4972209207354386,0
17.57219813481514,36.609117054731726,6.550027277146744,7.802957105414615,0
26.335251329346296,40.9600926799705,10.298548385605507,5.265449209409571,0
29.448153978117183,42.02074506161313,15.802774588273445,5.944212192767713,1
25.41141994637712,39.95798084608844,22.56801874408652,6.540083132775658,0
30.327401875326757,57.05362356513084,13.170000308017586,6.080738432992085,0
22.41355774949814,30.09263081258716,1.6107124400663322,7.813560182008359,0
32.0467372009279,39.357962050472864,19.27801688500994,4.121808329556544,1
36.49449061809625,24.263709778830155,9.638486846748856,4.941289377547694,0
23.185807197801704,43.72081478667386,9.401986582607387,7.967679434508347,0
22.77248739299614,28.84753463623186,25.426276287711712,4.265950619546352,0
32.2669223855885,37.21689744123424,2.8612535898036464,5.021447366239592,0
32.89786072865356,36.279356746686744,2.7389438561514803,5.580626486694188,0
22.385699864233658,42.80891126601171,7.198886778063777,7.37833252365261,0
22.899065914520712,34.4720908245482,13.897526000805742,6.520813132750818,0
23.591076955697464,34.04694302306018,5.928326493062838,8.29572116251149,1
18.277747444828613,100.0,10.048252406741625,5.025437567828381,0
30.610110401368516,42.84566790474526,6.0243797670881225,7.9245418224492825,0
19.97929616623966,34.38949147977732,9.426018034608633,5.27311070387162,0
21.161012174479357,37.49166328188769,17.27446425710777,5.104742166069521,1
24.826575563066093,56.45354952270745,1.9903244446178001,6.2426883914470785,0
39.2566104940239,37.64835121748903,11.886853682726583,4.320420273654221,0
32.75250246407038,33.10723376847612,15.484638897273053,5.7293815584697745,0
20.008229796306047,33.15003849873607,5.92598757939686,5.600541856493846,0
29.921611992382918,34.508735190104225,3.904290834276919,4.720457000657981,0
23.930055778872454,34.05502277573277,0.1363688501483411,7.873576803737098,0
24.752681451737836,27.20352151650757,15.95066785212235,5.736503396692225,1
28.37409746083302,28.757999030530218,3.974056614284161,8.41864080781157,0
19.386389892188507,31.7067962563863,4.420919605053338,8.048685770669984,0
26.912048730920255,45.91571018453098,4.094824113240988,4.876648148064665,0
38.74839156159792,36.18762712727126,6.906290154254663,6.2730497755207235,0
27.462256320040744,37.928383109059595,12.123396194397575,6.708118622649488,0
26.44584321953909,52.70088025254897,14.778095275079048,7.685322263246295,0
37.276500699554475,52.95007149938418,4.9851952273012685,7.985392373431276,1
21.81130007874342,37.17875056862265,10.87975169090008,6.808081095199705,0
22.345015224990913,33.69136489316591,12.754124176148306,4.15810391413997,0
21.88429736787618,31.355696863264622,3.52280800454025,6.165744022831582,0
22.222614404198726,46.92775769708238,1.0161362130537015,7.981615912838496,0
32.719596545201114,37.95292766477712,22.50616372880208,7.21340321144917,0
30.94508265553776,36.135051096772095,11.304620659952889,7.91563873634256,0
32.102521239949276,31.863354248624475,10.444378141664956,7.033359053752183,1
22.14626853125262,32.303335909886115,0.6070854775084416,4.198157544167377,0
20.838222134478855,100.0,17.030513487936616,8.356029952929749,0
27.35707778193202,26.84561734112738,8.348355362762717,8.131083432563553,0
22.238884778595143,49.94868693787939,18.831146347184443,4.569607929606804,0
28.164659088777555,100.0,36.714790721258716,4.507110250796869,0
26.0146151042565,38.50364055748207,31.488909328020625,6.42585325214659,1
17.42127942501384,26.630220418594455,19.385626330148543,7.406728755505975,0
32.737526006650306,39.87634061757635,0.11007737280029377,5.719779453722142,0
33.97938836547761,36.7167905730944,21.691667788360213,4.613719735944589,0
21.93605654757807,39.499194011435335,0.7802891003908026,6.297502444516096,1
23.061492200320078,54.71708898361891,19.05111634398584,5.519047612985376,1
26.429326953624525,100.0,3.2874585816175834,5.5829737999809605,0
26.672283949935125,32.05340815854196,9.417837822211258,6.90243491578172,0
28.29272136336415,32.88680089453432,0.38811757183049417,7.985236446532768,1
35.05102269383175,45.95131185913769,14.748270231930132,6.513662788850399,0
24.11526386252975,52.98693290993424,1.1845264730832692,7.09421129873336,0
21.00851377730773,42.8191802075105,5.287998155185143,6.969761461845587,0
18.103403859927365,46.8871274455477,17.00709272053175,6.480157866506184,0
21.345349800290403,46.09737723336705,11.885884083765482,5.398411655124086,0
24.834365135631014,54.19064413357521,0.060610278337180384,5.700073832096074,0
33.97278931758894,20.50409827273967,5.158923287691456,5.420667093206873,0
22.411943504819142,46.67218939304529,0.4283184308479586,8.128741434169246,0
26.118939758194493,49.837360439035635,11.1932490398234,7.719784017296995,0
24.91788551963624,26.612762938644266,34.72107897010109,6.607063177830494,0
30.94196636724042,31.143318159935838,10.649684308648443,8.105095619383903,0
37.63466212936811,31.492172513718465,2.54082811012706,7.988839119165901,0
22.345656135398396,32.712098036226166,4.388663174929735,8.174624798883258,0
22.55280278740889,35.18282949064474,37.57182092086901,4.997982359449898,0
30.22080438534536,42.42602813054941,2.536703023587348,7.228763669937527,1
28.40945744813156,48.656746511673695,8.244617705183,6.741510249655758,0
34.23353662868017,50.813169577685365,5.115822577442058,7.302237870255732,0
27.919640926629818,31.621769388322182,14.623778744461138,5.185207137632292,0
23.203539546064704,31.55297001297017,20.20337299373962,7.12664082147234,0
41.92991123019232,53.15821840016223,4.167848468131074,5.844228318644742,0
30.543517902914537,46.467439354186446,10.799761170032795,7.7534130833783514,1
29.102410905986822,40.82864841868996,7.963937045351949,7.579145763227979,1
27.53637015553649,44.73336675554967,3.263459668675937,4.951109248865127,1
30.333373447945768,100.0,3.1737291927401627,4.827348743814864,0
30.846477952228362,45.24584683047615,7.735585258252956,7.229792745781897,0
31.910794955187637,36.639333034942595,1.6723931599196573,6.477137026276722,0
28.243549437948214,42.68804934439231,16.650029307222244,6.50742659806922,0
24.164409598415727,24.894539496305036,0.7150119957078296,7.386318955567095,0
25.733568432166614,33.12215705174569,0.993502647973691,7.847368568598055,0
31.032544832541785,33.22988823209656,4.18894341355789,5.075337552739225,0
20.91532164506382,36.25609966793086,1.25667262624395,6.499927960557476,0
26.843366544364507,30.73486745220252,6.4569127994435735,7.730296192714347,0
23.033305938363196,34.664563741769186,5.102855870152069,7.927573770377512,0
25.143724114674086,24.855859376018792,12.794502117795876,5.2933422475233245,0
31.392259313036494,45.487004763949,30.57696089897814,4.468692354688806,0
25.955495340099517,39.174864810886056,14.00630980030986,5.047704642450009,0
25.232182740780743,22.94792392223983,1.97778802317403,8.254747813065372,0
18.200719295100406,31.65170089453327,27.414201168448162,6.0811587059584635,0
28.731267830136105,43.366014275621666,4.977998825371207,5.883582057502112,0
28.227420905705376,34.569780536142105,6.428141328228099,4.0588795693039454,0
53.724410424790946,33.03058539861903,5.474485255973795,4.2295660731460805,0
23.461108825234994,39.254073229919236,3.2926411029807983,7.009131682636257,0
26.095751638319694,43.43597535178216,22.542168063498895,6.654221809262484,0
26.246918418553776,25.636475429608396,4.038247530713487,6.5898773432293165,0
32.887266398817374,100.0,8.641644000475825,4.496452942110122,0
24.523522338065238,31.997067183926234,2.7448103664438954,5.584275263044091,0
26.395107628851697,39.820720317502015,15.964001485032345,7.655611623880666,1
28.039482548582697,39.645798593084905,14.880996907438357,4.787100507624868,0
25.93304561578179,34.72933881760226,3.5142039962130927,7.972092629420963,0
22.767831927247357,29.763402538692855,11.443025927739715,4.5466523515700645,0
25.97044996449154,37.143134519077364,12.169686628470727,4.761171985557946,0
45.55223812394829,56.25330309075195,8.267046674786723,6.1498748251917785,0
19.8674235029447,26.38324969536369,9.177878076122058,8.253849570018417,0
25.66484837073438,56.923130191048756,8.543837286387078,5.4829645516544065,1
21.499395925304135,37.40278828923468,0.8541019120279201,6.96198097101122,0
30.975233144624212,40.35371417088639,11.094670228534756,6.649020651950843,0
17.384065476081126,29.132891886152727,6.344538527764181,4.673301864252509,0
22.205390763642058,32.28730583322519,5.770674267384562,5.116751056273735,0
26.886059375322603,34.97090349961981,19.66107276258407,8.185687476897199,0
32.827620146171704,29.54305029122088,0.2350070449277086,4.831733306438948,0
24.67124869463506,37.91082042629128,2.894368350926037,7.12754450389801,0
22.22400236653401,35.92984108193229,1.2942953087969877,8.341125171701371,1
34.40578534720295,58.507811424357335,0.3598065421197599,4.537776964910251,0
17.75993049791878,28.34025814319539,3.225178502787081,5.796318955842915,0
14.005970216899591,41.02690516748587,44.633471339141835,5.007694649992318,1
27.20007225026666,42.47846281901825,3.15024730028677,4.997026828320443,0
22.489728878236946,29.296794513481625,10.897689657551782,4.535436297998563,0
19.893835914346433,46.86827495452839,1.2590215800452387,6.9229803279615965,0
28.541782236496765,36.01672987118372,9.20920507884569,7.358545794598203,0
26.219003568855996,15.076103484169327,41.65721331829153,7.045572595103753,0
33.269410269474534,46.59849612104565,3.45081724978687,8.160954059286187,0
18.59847800664553,28.83059115897636,18.843723580733275,4.6555546392312435,0
29.362286641400722,29.522250538609008,60.20432235104597,5.4393041802325275,1
28.251005889793305,46.879020828923984,8.880777103251402,5.550577643661052,0
24.504120681103085,36.5283851758155,3.7019608746515633,5.044369467311071,0
34.23318498023833,49.177721505515,11.194210772662665,4.63992224870635,1
19.649576168369236,52.10166095365319,18.633513268823826,6.190165641668187,1
17.372374145376305,33.55071539677702,1.8795770161479726,7.754978326213428,0
21.540459650593778,47.93262495955031,6.024216101104713,8.295428765214933,1
37.15810487733376,100.0,3.844686497763932,4.58203284498324,0
26.21669724661346,62.331159171321765,3.3318025688467006,7.704207526327312,0
23.79381971071835,33.070429954687846,19.71996277949416,7.710615053343737,0
26.760276982571483,50.26087440960004,5.475829852872697,5.750401546986551,0
18.74230287904778,48.43790025881576,4.141169402087836,4.495133308654544,0
32.2188230203663,43.16087822108934,9.251058244548872,8.455036030406042,1
24.589244108037157,33.294568385833166,2.4769444785716943,6.950168637379684,0
30.586479157940637,38.48602508058591,2.6122644976272147,8.419880627687112,0
40.07044009783278,18.46411887055448,7.345708787164993,6.176449820580963,0
27.283766095768918,42.2442003838225,5.264008378764889,5.778368499715279,0
27.84883640116102,43.49615331028385,3.4953248913782624,5.112334641867042,0
27.238542800086574,41.33499419061371,0.5546105404891,8.426074007974087,0
28.21361379933772,10.266938287074424,7.355834745242835,5.139657712580231,0
31.645762650662157,27.34363554910189,16.961359145366337,4.106932402981227,0
25.98260584850735,32.519090171513376,19.063437620026058,6.30610786114815,1
28.54501878794256,42.916589331890464,2.6845474750710556,5.696727218729119,0
24.551321528563868,42.89338905642985,9.153941437981153,5.176221265431691,0
32.200586077247365,100.0,19.371180790645624,6.85573652416528,0
21.61803848970365,46.352455366039564,5.254756267299408,5.6392087670402,0
34.004702164554075,29.737576246971003,26.90261619864215,5.810128997425927,0
24.799210246778284,46.10235005693996,23.328229757930025,4.103705217523199,1
17.84612448940976,44.74742104839891,2.3336296385785587,6.650819178488759,0
25.640522074553946,43.775547328379105,2.9970719583810768,4.549319634311693,1
21.594741712625595,38.17959568914344,1.9899010678780593,4.962121865029398,0
29.203217744943622,58.30743824831262,2.182236134000611,7.227030192756872,0
21.736880103488044,44.93195688489879,23.844687719286522,5.4095922678276,1
22.769082833926102,30.316641367464413,26.75649458370105,4.734445888472714,1
15.552296345272346,42.483054757359845,0.532923872271349,6.598408661781164,0
22.738468403754617,47.524833770742184,9.004256398193878,4.9670702272207325,1
12.880603366855217,34.1189140107569,8.306442841921276,5.219401962814173,0
17.080485882571384,50.89272246931099,4.9519450657748285,6.796026894900432,0
28.802073280721487,43.82033705716011,9.988509196391096,7.329378016137618,0
28.92900079325416,16.575216623346527,29.444276639366095,7.328468583380097,1
27.127287808924823,42.99671977337926,1.8663671296959459,6.170095353418737,0
20.165119284353935,35.93970845587285,1.2830042342125925,6.044336099542459,0
24.7614432192901,45.37179814541736,0.3396076463112242,7.544403329040659,0
24.981987304547157,49.44214840251814,4.522946553918326,4.868656263006327,0
19.208176554037287,41.95162047141818,4.119286675928643,4.684911013878066,0
32.51699150883575,56.65252233944696,5.6355800254007,6.991127797132794,0
29.386811452878355,38.212931154365045,6.997892521219777,5.842781204751649,0
23.89517913085168,46.248178230538755,14.180905197832178,7.194993072565814,0
25.134429194972654,48.04942573637347,4.97766911871808,5.1547010055845615,0
39.06287105960664,39.02654031107267,4.013930741451565,5.461923464800451,0
14.791325657878547,47.787743079777826,17.53763468765602,8.035049421334257,0
23.764113087397014,100.0,18.957653738102593,5.8974543706971465,1
21.590078760011007,35.774315809787815,2.6496339285855903,6.65929061374173,0
19.991899950525422,26.875113096636873,3.7785746451493414,4.4800698735323925,0
23.594498535570224,42.41409116370047,17.436345028827226,4.8047312748674145,0
33.988432634247616,43.25251675854344,0.8273860299187058,4.161494779701899,0
28.20421430633505,51.79263158579229,3.942978651079809,5.9096686529274995,0
22.144105051086015,47.911400043558835,5.948416858134755,8.450140020227607,0
